ratio,decision,adjudicated_by,note,record_id_a,title_a,year_a,venue_a,doi_a,source_db_a,record_id_b,title_b,year_b,venue_b,doi_b,source_db_b,proposed_decision,proposed_confidence,proposed_doi_checked,proposed_evidence,proposed_case_for_same,proposed_case_for_different
0.9785,different,"adjudicated (D12); signed off by S. Trajanovski, 2026-09-05","DataCite 10.11575/prism/50808 is types.resourceType='master thesis', a single creator (Karimi), Univ. Calgary PRISM. B is a four-author Physical Review A article (Crossref, 39 refs, vol 114 iss 1). A thesis and a journal article are distinct works; rule 4 covers preprint/journal, not thesis/journal.",RC-3514,The Role of Entanglement in Quantum Reservoir Computing with Coupled Kerr Nonlinear Oscillators,2025,arXiv,10.11575/prism/50808,arxiv|openalex,RC-3549,Role of entanglement in quantum reservoir computing with coupled Kerr nonlinear oscillators,2026,Physical Review A,10.1103/vwn7-y9vj,openalex,different,medium,1,"DataCite 10.11575/prism/50808 is a Calgary master's thesis, sole creator Karimi; 10.1103/vwn7-y9vj is a four-author Phys. Rev. A article. Record a's DOI points at the thesis, not the arXiv preprint its venue field claims",Title matches the arXiv preprint and record a is tagged venue=arXiv.,"The deposited DOI is a single-author master's thesis, a distinct work."
0.973,same,"adjudicated (D12); signed off by S. Trajanovski, 2026-09-05","B (10.2139/ssrn.4705859) is Crossref type posted-content/subtype preprint; A is the Physica C journal-article (30 refs, article no. 1354522). Preprint/journal pair, resolved to the journal version per search-strategy.md §5 rule 4.",RC-2551,A new physical reservoir using the complex dynamics of electric fields in type-II superconductors containing pinning centers interacting with quantized magnetic flux lines,2024,Physica C Superconductivity,10.1016/j.physc.2024.1354522,openalex,RC-4016,A New Physical Reservoir Using the Complex Dynamics of Electric Fields in Type-Ii Superconductors Containing Pinning Centers Interacting with Quantized Flux Lines,2024,SSRN Electronic Journal,10.2139/ssrn.4705859,openalex,same,medium,1,10.2139/ssrn.4705859 is SSRN posted-content; 10.1016/j.physc.2024.1354522 same five authors plus Ueda,SSRN preprint later published in Physica C.,Published version adds an author; no Crossref preprint relation.
0.9714,different,"adjudicated (D12); signed off by S. Trajanovski, 2026-09-05","A is a Crossref proceedings-article in 'Extended Abstracts of the 2024 SSDM' with 0 references; B is a Japanese J. Appl. Phys. article, 32 references, vol 64 iss 4 pp 04SP08. A conference extended abstract and a subsequent journal paper are separate publications.",RC-3396,The effects of dissipation in reservoir computing using spin qubit array,2024,,10.7567/ssdm.2024.ps-09-01,openalex,RC-6314,Effects of dissipation in reservoir computing using spin qubit array,2025,Japanese Journal of Applied Physics,10.35848/1347-4065/adbf9e,arxiv|openalex,different,medium,1,"10.7567/ssdm.2024.ps-09-01 is an SSDM extended abstract; 10.35848/1347-4065/adbf9e is a 2025 JJAP article. Same three authors, no Crossref relation",Identical author trio and title; JJAP paper is the special-issue write-up.,Extended abstract and full paper are separately citable.
0.9649,different,"adjudicated (D12); signed off by S. Trajanovski, 2026-09-05","Two HAL conference-paper deposits by the same sole author, 2020 and 2021, with non-identical titles (the 2020 record appends '(Invited)'). Neither carries a DOI, so no registry record can separate or join them. Left as two records under the rule that an unmergeable pair stays separate: a wrongly merged duplicate silently deletes a work, a wrongly kept one remains visible. FLAGGED for the PI.",RC-0271,[Invited] Assessing electron transport through 2D molecule-nanoparticle networks for reservoir computing sensing,2021,HAL (Le Centre pour la Communication Scientifique Directe),,openalex,RC-0280,[Invited] Assessing electron transport through 2D molecule-nanoparticle networks for reservoir computing sensing (Invited),2020,HAL (Le Centre pour la Communication Scientifique Directe),,openalex,different,medium,,"HAL shows three separate COMM deposits by Vuillaume: hal-03253727 (SPIE 2020, the '(Invited)' record), hal-04552115 (EMRS 2021), hal-04552243 (ElecMol 2021)",Same sole author and invited-talk title.,HAL records talks at distinct conferences with separate IDs.
0.9576,different,"adjudicated (D12); signed off by S. Trajanovski, 2026-09-05","Wiley cover feature. Both are Small vol 21 iss 48 with the same title; A carries 40 references, B carries 0 and its abstract is the cover blurb. A cover item is not a duplicate of the article and not a research article; see the not-primary note below.",RC-2125,Intrinsic Disordered Network in Multiferroic YMnO <sub>3</sub> Single Crystals for In‐Materio Physical Reservoir Computing Through Tuneable Domain‐Wall Structure,2025,Small,10.1002/smll.202506397,openalex,RC-3069,Intrinsic Disordered Network in Multiferroic YMnO <sub>3</sub> Single Crystals for In‐Materio Physical Reservoir Computing Through Tuneable Domain‐Wall Structure (Small 48/2025),2025,Small,10.1002/smll.71539,openalex,different,medium,1,10.1002/smll.202506397 is the article (38 referenced works); 10.1002/smll.71539 has the same 8 authors and volume/issue but ZERO referenced works and no pagination - the Wiley cover-feature record,"Same authors, journal, volume, issue.",Cover-picture item with no references or pagination. HOUSE POLICY NEEDED.
0.9495,different,"adjudicated (D12); signed off by S. Trajanovski, 2026-09-05",A (10.5194/egusphere-egu25-14726) is a Crossref posted-content EGU meeting abstract with 0 references; B is an arXiv preprint. Titles also differ ('Efficient River Discharge Prediction' vs 'River Discharge Prediction').,RC-2569,Multi-Model Ensemble and Reservoir Computing for Efficient River Discharge Prediction in Ungauged Basins,2025,,10.5194/egusphere-egu25-14726,openalex,RC-5934,Multi-Model Ensemble and Reservoir Computing for River Discharge Prediction in Ungauged Basins,2025,arXiv (Cornell University),10.48550/arxiv.2507.18423,arxiv|openalex,different,medium,1,10.5194/egusphere-egu25-14726 is an EGU General Assembly 2025 abstract; arXiv 2507.18423 is the full HYPER paper,"Same two authors, year and HYPER method.",An EGU meeting abstract is separately citable from the full paper.
0.9478,same,"adjudicated (D12); signed off by S. Trajanovski, 2026-09-05","B (10.2139/ssrn.4016958) is Crossref posted-content/preprint with 37 references; A is the Chaos, Solitons & Fractals article, 45 references, article no. 112442. Preprint/journal pair, resolved to the journal version.",RC-1047,State observer-based fuzzy echo state network sliding mode control for uncertain strict-feedback chaotic systems without backstepping,2022,Chaos Solitons & Fractals,10.1016/j.chaos.2022.112442,openalex,RC-3596,State Observer-Based Fuzzy Echo State Network Sliding Mode Control for Uncertain Strict-Feedback Nonlinear Systems Without Backstepping,2022,SSRN Electronic Journal,10.2139/ssrn.4016958,openalex,same,medium,1,"Crossref: 10.1016/j.chaos.2022.112442 and SSRN 10.2139/ssrn.4016958 share three authors, 2022, both Elsevier BV",Same authors and publisher pipeline; retitled 'nonlinear'->'chaotic' at publication.,Meaning-bearing word swap; no abstract available for the SSRN record.
0.9461,same,"adjudicated (D12); signed off by S. Trajanovski, 2026-09-05","Both are Zenodo deposits of one technical note by the same sole author. A (zenodo.20669318) resolves live as Text/Technical note v1.2, IsVersionOf zenodo.20669317. B (zenodo.20263930) returns HTTP 410 Gone: a withdrawn deposit of the same document, not a second work.",RC-5005,Vacuum Intelligence Architecture Specification: Event-Driven Analog Memristor Optimal Power/Flow Solver Integration,2026,Zenodo (CERN European Organization for Nuclear Research),10.5281/zenodo.20669318,openalex,RC-5594,Vacuum Intelligence Architecture Specification: Event-Driven Analog Memristor Optimal Power/Flow Solver Integration (VIA-SPEC-001),2026,Zenodo (CERN European Organization for Nuclear Research),10.5281/zenodo.20263930,openalex,uncertain,medium,1,"Two separately minted Zenodo deposits 25 days apart under DIFFERENT concept DOIs, same sole author. 10.5281/zenodo.20263930 404s in both DataCite and Zenodo APIs","One author, one title, one year; suffix is an internal document number.","Different concept DOIs, each independently citable; earlier record unretrievable."
0.9451,same,"adjudicated (D12); signed off by S. Trajanovski, 2026-09-05",The two records carry the same abstract verbatim and the same author set (order differs). B (10.31223/osf.io/fbxns) resolves to EarthArXiv and is Crossref posted-content; A is the American Physical Society meeting record for the same study. One work indexed twice.,RC-0009,"Data-driven prediction of a multi-scale Lorenz 96 chaotic system using a hierarchy of deep learning methods: Reservoir computing, ANN, and RNN-LSTM",2019,Bulletin of the American Physical Society,,openalex,RC-1607,"Data-driven prediction of a multi-scale Lorenz 96 chaotic system using deep learning methods: Reservoir computing, ANN, and RNN-LSTM",2019,,10.31223/osf.io/fbxns,openalex,different,medium,1,"10.31223/osf.io/fbxns is a 2019 EarthArXiv posted-content; record a has no DOI and sits in Bulletin of the American Physical Society, an APS meeting abstract",Same authors and year; titles differ only by 'a hierarchy of'.,APS meeting abstract vs EarthArXiv preprint are separately citable.
0.9384,same,"adjudicated (D12); signed off by S. Trajanovski, 2026-09-05","Same SPE manuscript number in both DOIs: 10.2118/223997-ms is the conference manuscript (17 refs) and 10.2118/223997-pa the peer-reviewed SPE Journal article (36 refs, pp 6457-6471). SPE's -ms/-pa pair is one study in two forms; resolved to the journal version.",RC-4982,A Data Mining Approach to Assess Field Scale CO2 EOR and Sequestration Performance Correlated to Geological and Reservoir Characteristics,2025,,10.2118/223997-ms,openalex,RC-4984,A Data Mining Approach to Assess Field Scale CO2 Enhanced Oil Recovery and Sequestration Performance Correlated to Geological and Reservoir Characteristics,2025,SPE Journal,10.2118/223997-pa,openalex,uncertain,medium,1,10.2118/223997-ms is the SPE conference paper; 10.2118/223997-pa is the SPE Journal article. Same SPE paper number 223997 and authors,Same SPE paper number and authors; -PA is the peer-reviewed version.,SPE -MS and -PA are separately citable and the journal version is typically extended. AMBIGUOUS CONFERENCE-VS-JOURNAL CASE.
0.9378,different,"adjudicated (D12); signed off by S. Trajanovski, 2026-09-05","A is IEEE J. Electron Devices Soc., 30 references, pp 893-897; B is a 2022 IEEE EDTM proceedings-article, 10 references, pp 282-284. Titles differ ('Temperature Driven' vs 'Temperature Dependence of'). A conference paper and an extended journal version are separate publications.",RC-3885,Temperature Driven Current–Voltage Characteristics of Ionic Liquid Type Intelligent Connection Device,2022,IEEE Journal of the Electron Devices Society,10.1109/jeds.2022.3199205,openalex,RC-5009,Temperature Dependence of Current-Voltage Characteristics of Ionic Liquid Type Intelligent Connection Device,2022,2022 6th IEEE Electron Devices Technology &amp; Manufacturing Conference (EDTM),10.1109/edtm53872.2022.9798346,openalex,uncertain,medium,1,"Identical 10-author list and year, but 10.1109/edtm53872.2022.9798346 is a 3-page EDTM proceedings item and 10.1109/jeds.2022.3199205 is a 5-page JEDS journal article; no Crossref relation",Identical authors and year; standard extended-version pattern.,AMBIGUOUS CONFERENCE-VS-JOURNAL CASE; titles differ ('Driven' vs 'Dependence').
0.9297,different,"adjudicated (D12); signed off by S. Trajanovski, 2026-09-05","Wiley cover feature: both Advanced Materials with the same title, A carrying 44 references and B (adma.202270333) carrying 0.",RC-0528,Multilayer Reservoir Computing Based on Ferroelectric α‐In<sub>2</sub>Se<sub>3</sub> for Hierarchical Information Processing,2022,Advanced Materials,10.1002/adma.202108826,openalex,RC-2090,Multilayer Reservoir Computing Based on Ferroelectric α‐In<sub>2</sub>Se<sub>3</sub> for Hierarchical Information Processing (Adv. Mater. 48/2022),2022,Advanced Materials,10.1002/adma.202270333,openalex,different,medium,1,"10.1002/adma.202108826 is the article (45 referenced works, 153 citations); 10.1002/adma.202270333 has the same 9 authors and volume/issue but ZERO referenced works and no pagination - the Wiley cover-feature record","Same authors, journal, volume, issue.","Cover-picture item, a companion record. HOUSE POLICY NEEDED."
0.9283,different,"adjudicated (D12); signed off by S. Trajanovski, 2026-09-05","A is the article record (its abstract matches the Small article verbatim); B is the Small cover feature, 0 references. Note that A and RC-2125 are the same article and are adjudicated as such in their own row.",RC-0064,Intrinsic Disordered Network in Multiferroic YMnO3 Single Crystals for In-Materio Physical Reservoir Computing Through Tuneable Domain-Wall Structure,2025,,,openalex,RC-3069,Intrinsic Disordered Network in Multiferroic YMnO <sub>3</sub> Single Crystals for In‐Materio Physical Reservoir Computing Through Tuneable Domain‐Wall Structure (Small 48/2025),2025,Small,10.1002/smll.71539,openalex,different,medium,1,10.1002/smll.71539 carries '(Small 48/2025)' - a Wiley issue cover item; record a is the plain-title IRDB article deposit,Identical author list and title text.,b is the cover-picture front-matter record. HOUSE POLICY NEEDED.
0.9219,different,"adjudicated (D12); signed off by S. Trajanovski, 2026-09-05","A is the J. Robotics, Networking and AI article (p. 58); B is the ICAROB 2020 proceedings-article (pp 187-190). Titles differ ('and its FPGA Implementation' vs 'for FPGA Implementation'). Two distinct peer-reviewed publications, consistent with the treatment of the other conference/journal pairs here.",RC-0713,A Hardware-Oriented Echo State Network and its FPGA Implementation,2020,Journal of Robotics Networking and Artificial Life,10.2991/jrnal.k.200512.012,openalex,RC-2844,A Hardware-Oriented Echo State Network for FPGA Implementation,2020,Proceedings of International Conference on Artificial Life and Robotics,10.5954/icarob.2020.os20-1,openalex,uncertain,medium,1,"10.5954/icarob.2020.os20-1 is ICAROB proceedings (Jan 2020); 10.2991/jrnal.k.200512.012 is JRNAL (May 2020); both Honda and Tamukoh, same publisher","Same authors, year and publisher; JRNAL routinely republishes ICAROB presentations.","JRNAL articles are typically extended, separately citable versions; titles differ ('and its' vs 'for'). AMBIGUOUS CONFERENCE-VS-JOURNAL CASE."
0.9204,different,"adjudicated (D12); signed off by S. Trajanovski, 2026-09-05","Wiley cover feature: Advanced Materials, A 55 references, B (adma.202570167) 0.",RC-1105,Flexible Tunable‐Plasticity Synaptic Transistors for Mimicking Dynamic Cognition and Reservoir Computing,2025,Advanced Materials,10.1002/adma.202418418,openalex,RC-3955,Flexible Tunable‐Plasticity Synaptic Transistors for Mimicking Dynamic Cognition and Reservoir Computing (Adv. Mater. 24/2025),2025,Advanced Materials,10.1002/adma.202570167,openalex,different,medium,1,"10.1002/adma.202570167 is the Adv. Mater. 37(24) issue cover feature, separate front matter from article 10.1002/adma.202418418; authors match",Same authors and title describing the same study.,Wiley cover entries are separately DOI'd front-matter items. HOUSE POLICY NEEDED.
0.9167,same,"adjudicated (D12); signed off by S. Trajanovski, 2026-09-05","B is the arXiv preprint (2307.01237) of A, the CCIS book-chapter (20 references, pp 523-534). The work was retitled between preprint and publication ('Dissemination Process' to 'Spreading Process'), which is why the title ratio is only 0.917.",RC-2105,Dynamical Graph Echo State Networks with Snapshot Merging for Spreading Process Classification,2023,Communications in computer and information science,10.1007/978-981-99-8141-0_39,openalex,RC-5796,Dynamical Graph Echo State Networks with Snapshot Merging for Dissemination Process Classification,2023,arXiv (Cornell University),10.48550/arxiv.2307.01237,arxiv|openalex,same,medium,1,"Crossref 10.1007/978-981-99-8141-0_39 (ICONIP 2023) and arXiv 2307.01237 share exactly three authors and the DynGESN method, same 2023",Identical authors and year; arXiv July precedes ICONIP November; 'Dissemination' renamed 'Spreading'.,Title-word change with no preprint relation to confirm.
0.9143,different,"adjudicated (D12); signed off by S. Trajanovski, 2026-09-05","Wiley cover feature: Advanced Materials, A 68 references, B (adma.73427) 0.",RC-4444,Synaptic Functionality and Neuromorphic Information Processing in Membrane Ion Channel Junctions,2026,Advanced Materials,10.1002/adma.202519525,openalex,RC-5256,Synaptic Functionality and Neuromorphic Information Processing in Membrane Ion Channel Junctions (Adv. Mater. 31/2026),2026,Advanced Materials,10.1002/adma.73427,openalex,different,medium,1,10.1002/adma.73427 is the Adv. Mater. 38(31) cover item; article is 10.1002/adma.202519525; same authors,Identical authors and title.,Cover feature is separate Wiley front matter. HOUSE POLICY NEEDED.
0.9139,different,"adjudicated (D12); signed off by S. Trajanovski, 2026-09-05","A (10.26226/morressier...) is Crossref posted-content/other, a conference abstract with 0 references; B is an SAE Technical Paper with 13 references. Abstract and full paper are separate records.",RC-1903,Project 1.A83Rapid High-dimensional Semantic Segmentation With Echo State Networks,2021,,10.26226/morressier.608c2248dc2fa1af562471d6,openalex,RC-2864,RAPID HIGH-DIMENSIONAL SEMANTIC SEGMENTATION WITH ECHO STATE NETWORKS,2021,SAE technical papers on CD-ROM/SAE technical paper series,10.4271/2024-01-3939,openalex,different,medium,1,"10.26226/morressier.608c2248dc2fa1af562471d6 is a Morressier presentation, sole author Gardner; 10.4271/2024-01-3939 is an SAE Technical Paper with eight authors","Same title and lead author, same GVSETS project.",Single-author presentation abstract vs eight-author technical paper.
0.913,different,"adjudicated (D12); signed off by S. Trajanovski, 2026-09-05","Wiley cover feature, this one self-identifying: A's title ends '(Adv. Sci. 27/2023)' and it carries 0 references, against B's 46.",RC-4731,Cellular Automata Inspired Multistable Origami Metamaterials for Mechanical Learning (Adv. Sci. 34/2023),2023,Advanced Science,10.1002/advs.202370236,openalex,RC-6398,Cellular Automata Inspired Multistable Origami Metamaterials for Mechanical Learning,2023,Advanced Science,10.1002/advs.202305146,arxiv|openalex,different,medium,1,10.1002/advs.202370236 is the Adv. Sci. 10(34) cover item; 10.1002/advs.202305146 is the research article,"Same authors, title, journal and year.",Issue cover feature is distinct front matter. HOUSE POLICY NEEDED.
0.9118,same,"adjudicated (D12); signed off by S. Trajanovski, 2026-09-05","B (10.2139/ssrn.5263710) is Crossref posted-content/preprint with 270 references; A is the Int. Review of Economics & Finance article with 263, article no. 104719. Preprint/journal pair; the title was adjusted ('Recent Advancements' to 'Recent Trends').",RC-4349,Deep learning for financial forecasting: A review of recent trends,2025,International Review of Economics & Finance,10.1016/j.iref.2025.104719,openalex,RC-4878,Deep Learning for Financial Forecasting: A Review of Recent Advancements,2025,SSRN Electronic Journal,10.2139/ssrn.5263710,openalex,same,medium,1,"Crossref 10.1016/j.iref.2025.104719 and SSRN 10.2139/ssrn.5263710 share two authors, 2025, both Elsevier BV",Same authors and publisher route; 'Recent Advancements' retitled 'Recent Trends'.,No preprint relation recorded; abstracts unavailable for comparison.
0.9111,same,"adjudicated (D12); signed off by S. Trajanovski, 2026-09-05","B is the 2025 arXiv preprint of A, the 2026 Medical Image Analysis article (71 references, article no. 104156). The published version prepends the 'HyperCOCO' system name, which is why the ratio is only 0.911.",RC-5620,HyperCOCO: Multi-sensory Hyper COgnitive COmputing for learning population level brain connectivity,2026,Medical Image Analysis,10.1016/j.media.2026.104156,openalex,RC-5943,Multi-Sensory Cognitive Computing for Learning Population-level Brain Connectivity,2025,arXiv,,arxiv,uncertain,medium,1,arXiv 2508.11436v1 introduces mCOCO; 10.1016/j.media.2026.104156 by the same three authors names the method HyperCOCO. No abstract available to confirm rename vs extension,"Same three authors, near-identical title.","Acronym change mCOCO->HyperCOCO may signal a hypergraph extension, i.e. a successor paper."
0.9091,different,"adjudicated (D12); signed off by S. Trajanovski, 2026-09-05","Wiley cover feature, self-identifying: B's title ends '(Adv. Sci. 3/2024)' and it carries 0 references against A's 41.",RC-0451,Photonic Physical Reservoir Computing with Tunable Relaxation Time Constant,2023,Advanced Science,10.1002/advs.202304804,openalex,RC-1135,Photonic Physical Reservoir Computing with Tunable Relaxation Time Constant (Adv. Sci. 3/2024),2024,Advanced Science,10.1002/advs.202470016,openalex,different,medium,1,10.1002/advs.202470016 is the Adv. Sci. 11(3) cover item by Yamazaki and Kinoshita; article is 10.1002/advs.202304804,Same two authors and title.,Issue cover front matter with its own DOI. HOUSE POLICY NEEDED.
0.9091,different,"adjudicated (D12); signed off by S. Trajanovski, 2026-09-05","Different works: A is 'Characterizing climate pathways' in Statistical Analysis and Data Mining (51 references); B is 'Validating climate pathways' (10.2172/2431810), an OSTI-registered conference record with 0 references.",RC-1395,Characterizing climate pathways using feature importance on echo state networks,2024,Statistical Analysis and Data Mining The ASA Data Science Journal,10.1002/sam.11706,arxiv|openalex,RC-2960,Validating climate pathways using feature importance on echo state networks,2023,,10.2172/2431810,openalex,different,medium,1,10.2172/2431810 is an OSTI Conference item (SAND2023-00045C) with four authors titled 'Validating...'; 10.1002/sam.11706 is a 2024 journal article with three authors titled 'Characterizing...',Same Sandia group and ESN methodology.,Different author lists and work types; 'Validating' vs 'Characterizing' changes meaning.
0.9084,same,"adjudicated (D12); signed off by S. Trajanovski, 2026-09-05","B is the arXiv preprint (2307.09138) of A, the Science Advances article (79 references). The published title adds 'and single-' ('Few- and single-molecule'), which is why the ratio is 0.908.",RC-1082,Few- and single-molecule reservoir computing experimentally demonstrated with surface-enhanced Raman scattering and ion gating,2024,Science Advances,10.1126/sciadv.adk6438,openalex,RC-5800,Few-molecule reservoir computing experimentally demonstrated with surface enhanced Raman scattering and ion-gating stimulation,2023,arXiv (Cornell University),10.48550/arxiv.2307.09138,arxiv|openalex,same,medium,1,Crossref 10.1126/sciadv.adk6438 and arXiv 2307.09138 share the identical five authors and the same SERS ion-gating molecular RC experiment,Identical authors and experimental subject; 2023 preprint of the 2024 Sci. Adv. paper.,Published title broadens to 'Few- and single-molecule'; no explicit link.
0.9022,different,"adjudicated (D12); signed off by S. Trajanovski, 2026-09-05","Wiley cover feature: Advanced Materials, A 75 references, B (adma.70825) 0, and B's title carries the issue tag.",RC-1642,Neuromorphic Light‐Responsive Organic Matter for <i>in Materia</i> Reservoir Computing,2025,Advanced Materials,10.1002/adma.202501813,openalex,RC-3954,Neuromorphic Light‐Responsive Organic Matter for <i>in Materia</i> Reservoir Computing (Adv. Mater. 41/2025),2025,Advanced Materials,10.1002/adma.70825,openalex,different,medium,1,10.1002/adma.202501813 is the article (79 referenced works); 10.1002/adma.70825 has the same 6 authors and volume/issue but ZERO referenced works and no pagination - the Wiley cover-feature record,"Same authors, journal, volume, issue.","Cover-picture item, a companion record. HOUSE POLICY NEEDED."
0.9604,different,"adjudicated (D12); signed off by S. Trajanovski, 2026-09-05","B (10.5281/zenodo.7499746) is DataCite resourceTypeGeneral 'Dataset', related to A by IsCitedBy 10.1088/1361-6463/acb7ff. It is the dataset supporting the article, not a copy of it.",RC-0444,In materia implementation strategies of physical reservoir computing with memristive nanonetworks,2023,Journal of Physics D Applied Physics,10.1088/1361-6463/acb7ff,openalex,RC-2730,In materia implementation strategies of physical reservoir computing with memristive nanonetworks - Dataset,2023,Zenodo (CERN European Organization for Nuclear Research),10.5281/zenodo.7499746,openalex,different,high,,Record b is Zenodo deposit 10.5281/zenodo.7499746 titled '- Dataset'; a is J. Phys. D 10.1088/1361-6463/acb7ff,Dataset produced for that article.,"A data deposit is a separately citable output, not the paper."
0.95,different,"adjudicated (D12); signed off by S. Trajanovski, 2026-09-05","A is the retracted article (36 references, pp 7039-7060); B is the Retraction Note (0 references, p. 19097). A retraction note is a separate published record.",RC-1874,RETRACTED ARTICLE: Enhancing Financial Risk Prediction Through Echo State Networks and Differential Evolutionary Algorithms in the Digital Era,2024,Journal of the Knowledge Economy,10.1007/s13132-024-02084-8,openalex,RC-3400,Retraction Note: Enhancing Financial Risk Prediction Through Echo State Networks and Differential Evolutionary Algorithms in the Digital Era,2025,Journal of the Knowledge Economy,10.1007/s13132-025-02991-4,openalex,different,high,,a is the retracted article 10.1007/s13132-024-02084-8 (2024); b is the retraction note 10.1007/s13132-025-02991-4 (2025),Retraction note duplicates the article title.,A retraction note is a separate editorial publication.
0.9272,different,"adjudicated (D12); signed off by S. Trajanovski, 2026-09-05","Different papers at different conferences: A is CCC 2021 (16 refs, pp 2628-2632), B is CAC 2022 (11 refs, pp 4053-4058), and the titles name different methods ('Improved Deep ESN' vs 'I-SAWOA-Deep ESN').",RC-1980,Short-term Traffic Flow Prediction Based on Improved Deep Echo State Network,2021,,10.23919/ccc52363.2021.9550595,openalex,RC-3153,Short-Term Traffic Flow Prediction Based on I-SAWOA-Deep Echo State Network,2022,,10.1109/cac57257.2022.10055270,openalex,different,high,,Different conferences and years: CCC 2021 vs CAC 2022; methods differ ('Improved Deep ESN' vs 'I-SAWOA-Deep ESN'),Same task and base model family.,Two separate conference papers a year apart with differently named methods.
0.918,different,"adjudicated (D12); signed off by S. Trajanovski, 2026-09-05","B (10.5281/zenodo.6816575) is DataCite resourceTypeGeneral 'Dataset', titled 'Raw data for ...'. Supporting data, not a copy of the article.",RC-0497,Reservoir computing on a silicon platform with a ferroelectric field-effect transistor,2022,Communications Engineering,10.1038/s44172-022-00021-8,openalex,RC-3621,Raw data for Reservoir computing on silicon platform with a ferroelectric field-effect transistor,2022,Zenodo (CERN European Organization for Nuclear Research),10.5281/zenodo.6816575,openalex,different,high,,Record b is Zenodo 'Raw data for ...' 10.5281/zenodo.6816575 vs article 10.1038/s44172-022-00021-8,Deposit holds the raw data for that paper.,A data deposit is a separate research output.
0.9104,different,"adjudicated (D12); signed off by S. Trajanovski, 2026-09-05","Different records: A is a 2023 HAL deposit whose abstract reads 'Tutorial Proposal on ...'; B is the 2024 tutorial itself, with a different and longer author list. Proposal and delivered tutorial are separate deposits.",RC-0155,Sustainable Deep Learning for Time-series: Reservoir Computing,2023,HAL (Le Centre pour la Communication Scientifique Directe),,openalex,RC-0175,Tutorial on Sustainable Deep Learning for Time-series: Reservoir Computing,2024,HAL (Le Centre pour la Communication Scientifique Directe),,openalex,different,high,,"HAL: hal-04404054 (ECML-PKDD 2023, five authors incl. Morrison) vs hal-04908999 (ECML-PKDD 2024, five authors incl. Dominey)",Same tutorial topic and core presenters.,Two conference editions with different author lists.
0.907,different,"adjudicated (D12); signed off by S. Trajanovski, 2026-09-05","A is the erratum: 1 reference, and Crossref records B with relation correction -> 10.1063/5.0050702, i.e. B is corrected BY A. An erratum is a separate record, as are the other 16 errata already in the corpus.",RC-2587,"Erratum: “On explaining the surprising success of reservoir computing forecaster of chaos? The universal machine learning dynamical system with contrasts to VAR and DMD” [Chaos 31(1), 013108 (2021)]",2021,Chaos An Interdisciplinary Journal of Nonlinear Science,10.1063/5.0050702,openalex,RC-6159,On explaining the surprising success of reservoir computing forecaster of chaos? The universal machine learning dynamical system with contrast to VAR and DMD,2021,Chaos An Interdisciplinary Journal of Nonlinear Science,10.1063/5.0024890,arxiv|openalex,different,high,,"10.1063/5.0050702 is 'Erratum: ...[Chaos 31(1), 013108 (2021)]' by Bollt, distinct from 10.1063/5.0024890",Erratum restates the title of the same article.,An erratum versus its original is an explicit DIFFERENT case.
0.9037,different,"adjudicated (D12); signed off by S. Trajanovski, 2026-09-05","Different works with a coincidental title shape: 'Small-World Echo State Networks' (LNCS book-chapter, 32 refs, pp 550-560) against 'Dual-kernel echo state network' (Proc. Romanian Academy, 29 refs, pp 179-190).",RC-2880,Small-World Echo State Networks for Nonlinear Time-Series Prediction,2023,Lecture notes in computer science,10.1007/978-981-99-8082-6_42,openalex,RC-2941,Dual-kernel echo state network for nonlinear time series prediction,2023,Proceedings of the Romanian Academy Series A Mathematics Physics Technical Sciences Information Science,10.59277/pra-ser.a.24.2.10,openalex,different,high,,'Small-World Echo State Networks' (LNCS) vs 'Dual-kernel echo state network' (Proc. Romanian Academy A),Both ESN variants for nonlinear time-series prediction.,Entirely different architectures in unrelated venues.
0.9,different,"adjudicated (D12); signed off by S. Trajanovski, 2026-09-05","The documented example in search-strategy.md §5.1: 'Photonic Reservoir Computing' (an edited book, 10.1515/9783110583496) against 'Photovoltaic Reservoir Computing' (a nanoGe conference contribution). Two different words and two different works.",RC-0081,Photonic Reservoir Computing,2019,Ghent University Academic Bibliography (Ghent University),10.1515/9783110583496,openalex,RC-2914,Photovoltaic Reservoir Computing,2023,,10.29363/nanoge.neumatdecas.2023.033,openalex,different,high,,'Photonic Reservoir Computing' is a 2019 De Gruyter book; 'Photovoltaic Reservoir Computing' is a 2023 nanoGe conference abstract,Titles differ by a single word.,Photonic vs photovoltaic are different technologies; book vs abstract four years apart.
0.9862,same,"adjudicated (D12); signed off by S. Trajanovski, 2026-09-05",Crossref 10.1002/aisy.202000085 and arXiv:2004.14942 return the identical 6-author list; title differs only in dash/hyphenation and Wiley soft-hyphen markup,RC-2672,"Memristors—From In‐Memory Computing, Deep Learning Acceleration, and Spiking Neural Networks to the Future of Neuromorphic and Bio‐Inspired Computing",2020,Advanced Intelligent Systems,10.1002/aisy.202000085,openalex,RC-5694,"Memristors -- from In-memory computing, Deep Learning Acceleration, Spiking Neural Networks, to the Future of Neuromorphic and Bio-inspired Computing",2020,Research Portal (King's College London),10.48550/arxiv.2004.14942,arxiv|openalex,same,high,1,Crossref 10.1002/aisy.202000085 and arXiv:2004.14942 return the identical 6-author list; title differs only in dash/hyphenation and Wiley soft-hyphen markup,Identical authors and year; only punctuation differs.,Distinct DOIs; arXiv record indexed under a KCL repository.
0.9857,same,"adjudicated (D12); signed off by S. Trajanovski, 2026-09-05","Crossref: 10.21203/rs.3.rs-5008392/v1 carries relation is-preprint-of 10.1007/s11071-024-10821-6; both list Kobiolka, Habermann, Yamakou, 2024",RC-4928,Reduced-order adaptive synchronization in a chaotic neural network with parameter mismatch: A dynamical system vs. machine learning approach,2024,Research Square,10.21203/rs.3.rs-5008392/v1,openalex,RC-6439,Reduced-order adaptive synchronization in a chaotic neural network with parameter mismatch: a dynamical system versus machine learning approach,2024,Nonlinear Dynamics,10.1007/s11071-024-10821-6,arxiv|openalex,same,high,1,"Crossref: 10.21203/rs.3.rs-5008392/v1 carries relation is-preprint-of 10.1007/s11071-024-10821-6; both list Kobiolka, Habermann, Yamakou, 2024",Crossref explicitly links the Research Square posting as the preprint of the Nonlinear Dynamics article.,"Different venues and DOIs, title wording differs ('vs.' vs 'versus')."
0.9845,same,"adjudicated (D12); signed off by S. Trajanovski, 2026-09-05",Crossref 10.3389/fnins.2025.1570783 has-preprint -> 10.1101/2025.02.04.636401; identical 7-author list,RC-4770,Modular architecture confers robustness to damage and facilitates recovery in spiking neural networks modeling in vitro neurons,2025,Frontiers in Neuroscience,10.3389/fnins.2025.1570783,openalex,RC-5478,Modular architecture confers robustness to damage and facilitates recovery in spiking neural networks modeling <i>in vitro</i> neurons,2025,bioRxiv (Cold Spring Harbor Laboratory),10.1101/2025.02.04.636401,openalex,same,high,1,Crossref 10.3389/fnins.2025.1570783 has-preprint -> 10.1101/2025.02.04.636401; identical 7-author list,Publisher-asserted preprint linkage plus identical authors and title.,Separately deposited items with distinct DOIs.
0.9823,same,"adjudicated (D12); signed off by S. Trajanovski, 2026-09-05",Crossref 10.1017/njg.2022.15 title identical once <i>b</i> markup stripped; TNO-affiliated authors match a TNO repository copy,RC-0391,Statistical analysis of static and dynamic predictors for seismic b-value variations in the Groningen gas field,2022,TNO Repository,,openalex,RC-4855,Statistical analysis of static and dynamic predictors for seismic<i>b</i>-value variations in the Groningen gas field,2022,Netherlands Journal of Geosciences – Geologie en Mijnbouw,10.1017/njg.2022.15,openalex,same,high,1,Crossref 10.1017/njg.2022.15 title identical once <i>b</i> markup stripped; TNO-affiliated authors match a TNO repository copy,Identical title and year; TNO repository deposit of the NJG article.,Record a carries no DOI.
0.9823,same,"adjudicated (D12); signed off by S. Trajanovski, 2026-09-05","Crossref 10.1063/5.0315384 lists Kobayashi, Nakai, Saiki, Tsutsumi; arXiv:2509.12733v2 has the exact title of record b and the identical four authors",RC-3730,On the attractor in high-dimensional neural network dynamics of reservoir computing: A Lyapunov analysis viewpoint,2026,Chaos An Interdisciplinary Journal of Nonlinear Science,10.1063/5.0315384,openalex,RC-5957,On the attractor in a high-dimensional neural network dynamics of reservoir computing: Lyapunov analysis viewpoint,2025,arXiv,,arxiv,same,high,1,"Crossref 10.1063/5.0315384 lists Kobayashi, Nakai, Saiki, Tsutsumi; arXiv:2509.12733v2 has the exact title of record b and the identical four authors",Same four authors; title differs only by articles.,No publisher-asserted preprint relation.
0.9802,same,"adjudicated (D12); signed off by S. Trajanovski, 2026-09-05",arXiv 2508.16042 authors byte-identical to Crossref 10.1002/advs.202517334,RC-3858,Compact Optical Reservoir Computing via Luminescence Dynamics in Rare‐Earth Ions‐Doped Nanocrystals,2025,Advanced Science,10.1002/advs.202517334,openalex,RC-5944,Compact All optical Reservoir Computing via Luminescence Dynamics in Rare-earth Ions-doped Nanocrystals,2025,arXiv,,arxiv,same,high,1,arXiv 2508.16042 authors byte-identical to Crossref 10.1002/advs.202517334,"Identical eight-author list, arXiv preprint three months ahead of Advanced Science.",'All-optical' vs 'Optical' is a technical qualifier.
0.975,same,"adjudicated (D12); signed off by S. Trajanovski, 2026-09-05","Crossref 10.1109/cdc49753.2023.10383680 sole author Goswami; arXiv 2304.00198 same sole author, conference length; titles differ only by 'the'",RC-2276,Sequential Learning from Noisy Data: Data-Assimilation Meets the Echo-State Network,2023,,10.1109/cdc49753.2023.10383680,openalex,RC-5783,Sequential Learning from Noisy Data: Data-Assimilation Meets Echo-State Network,2023,arXiv (Cornell University),10.48550/arxiv.2304.00198,arxiv|openalex,same,high,1,"Crossref 10.1109/cdc49753.2023.10383680 sole author Goswami; arXiv 2304.00198 same sole author, conference length; titles differ only by 'the'","Sole author, year and length match; arXiv preprint of the CDC 2023 paper.",arXiv record has no journal-ref linking it to CDC.
0.9735,different,"adjudicated (D12); signed off by S. Trajanovski, 2026-09-05","10.1364/oe.522336 is the article; 10.1364/oe.551214 is titled '...: erratum', a separate one-page 2025 notice",RC-1808,Photonic implementation of the input and reservoir layers for a reservoir computing system based on a single VCSEL with two Mach-Zehnder modulators,2024,Optics Express,10.1364/oe.522336,openalex,RC-4054,Photonic implementation of the input and reservoir layers for a reservoir computing system based on a single VCSEL with two Mach-Zehnder modulators: erratum,2024,Optics Express,10.1364/oe.551214,openalex,different,high,1,"10.1364/oe.522336 is the article; 10.1364/oe.551214 is titled '...: erratum', a separate one-page 2025 notice",Same seven authors; erratum title is the article title plus one word.,An erratum is a distinct record.
0.9707,same,"adjudicated (D12); signed off by S. Trajanovski, 2026-09-05",Crossref 10.1002/smll.202506397 title identical after stripping <sub>3</sub> and normalising non-breaking hyphens,RC-0064,Intrinsic Disordered Network in Multiferroic YMnO3 Single Crystals for In-Materio Physical Reservoir Computing Through Tuneable Domain-Wall Structure,2025,,,openalex,RC-2125,Intrinsic Disordered Network in Multiferroic YMnO <sub>3</sub> Single Crystals for In‐Materio Physical Reservoir Computing Through Tuneable Domain‐Wall Structure,2025,Small,10.1002/smll.202506397,openalex,same,high,1,Crossref 10.1002/smll.202506397 title identical after stripping <sub>3</sub> and normalising non-breaking hyphens,"Title matches modulo markup, same year 2025.",Record a has no DOI or venue.
0.9689,same,"adjudicated (D12); signed off by S. Trajanovski, 2026-09-05",OpenAlex abstracts for 10.1109/twc.2021.3051317 and arXiv:2003.06923 near-verbatim identical; same five authors,RC-3606,RCNet: Incorporating Structural Information Into Deep RNN for Online MIMO-OFDM Symbol Detection With Limited Training,2021,IEEE Transactions on Wireless Communications,10.1109/twc.2021.3051317,openalex,RC-5691,RCNet: Incorporating Structural Information into Deep RNN for MIMO-OFDM Symbol Detection with Limited Training,2020,arXiv (Cornell University),10.48550/arxiv.2003.06923,arxiv|openalex,same,high,1,OpenAlex abstracts for 10.1109/twc.2021.3051317 and arXiv:2003.06923 near-verbatim identical; same five authors,Identical authors and word-for-word abstract.,Published title adds 'Online'; no journal-ref.
0.9682,same,"adjudicated (D12); signed off by S. Trajanovski, 2026-09-05",RWTH Publications record authors match Crossref 10.1002/smll.202504066 including Valov of RWTH Aachen,RC-0061,Dynamic Monolayer WSe2 Electrolyte-Gated Transistor with Coexistent Double Relaxation Timescale for Enhanced Physical Reservoir Computing,2025,RWTH Publications (RWTH Aachen),,openalex,RC-1387,Dynamic Monolayer WSe<sub>2</sub> Electrolyte‐Gated Transistor with Coexistent Double Relaxation Timescale for Enhanced Physical Reservoir Computing,2025,Small,10.1002/smll.202504066,openalex,same,high,1,RWTH Publications record authors match Crossref 10.1002/smll.202504066 including Valov of RWTH Aachen,Institutional-repository copy; titles differ only by subscript markup.,Repository record carries no DOI.
0.9677,same,"adjudicated (D12); signed off by S. Trajanovski, 2026-09-05","Crossref 10.1038/s41467-020-20692-1 asserts has-preprint 10.21203/rs.3.rs-40717/v1, reciprocated; identical six authors",RC-0413,Dynamic memristor-based reservoir computing for high-efficiency temporal signal processing,2021,Nature Communications,10.1038/s41467-020-20692-1,openalex,RC-3677,Dynamic Memristor-based Reservoir Computing for High-Efficiency Spatiotemporal Signal Processing,2020,Research Square,10.21203/rs.3.rs-40717/v1,openalex,same,high,1,"Crossref 10.1038/s41467-020-20692-1 asserts has-preprint 10.21203/rs.3.rs-40717/v1, reciprocated; identical six authors",Bidirectional publisher-asserted preprint relation.,Titles differ on a substantive word (spatiotemporal vs temporal).
0.9677,same,"adjudicated (D12); signed off by S. Trajanovski, 2026-09-05",Crossref 10.1063/5.0283424 and arXiv 2506.09546 share the identical five authors; title differs only by inserting 'testing',RC-4760,Data-driven performance measures using global properties of attractors for testing black-box surrogate models of chaotic systems,2025,Chaos An Interdisciplinary Journal of Nonlinear Science,10.1063/5.0283424,openalex,RC-5925,Data-Driven Performance Measures using Global Properties of Attractors for Black-Box Surrogate Models of Chaotic Systems,2025,arXiv (Cornell University),10.48550/arxiv.2506.09546,arxiv|openalex,same,high,1,Crossref 10.1063/5.0283424 and arXiv 2506.09546 share the identical five authors; title differs only by inserting 'testing',Identical five-author list and year.,Word added in journal title; no explicit has-preprint relation.
0.9661,same,"adjudicated (D12); signed off by S. Trajanovski, 2026-09-05",10.1103/physreva.110.022446 and arXiv:2310.00790 both list the identical six authors; only title difference is an inserted 'the',RC-3998,Quantum reservoir complexity by the Krylov evolution approach,2024,Physical Review A,10.1103/physreva.110.022446,openalex,RC-5809,Quantum reservoir complexity by Krylov evolution approach,2023,arXiv (Cornell University),10.48550/arxiv.2310.00790,arxiv|openalex,same,high,1,10.1103/physreva.110.022446 and arXiv:2310.00790 both list the identical six authors; only title difference is an inserted 'the',Same six authors in order; one-word copy-edit.,Different years; no arXiv journal-ref.
0.9658,same,"adjudicated (D12); signed off by S. Trajanovski, 2026-09-05",UPM repository authors match Crossref 10.1021/acsanm.4c04063 exactly; Shafie is the UPM co-author,RC-0284,Memristive devices based on necklace-like structure Ag@TiO2 nanowire networks for neuromorphic learning and reservoir computing,2024,Universiti Putra Malaysia Institutional Repository (Universiti Putra Malaysia),,openalex,RC-2064,Memristive Devices Based on Necklace-like Structure Ag@TiO<sub>2</sub> Nanowire Networks for Neuromorphic Learning and Reservoir Computing,2024,ACS Applied Nano Materials,10.1021/acsanm.4c04063,openalex,same,high,1,UPM repository authors match Crossref 10.1021/acsanm.4c04063 exactly; Shafie is the UPM co-author,"Same eight authors, title identical apart from HTML subscript markup.",Repository record has no DOI of its own.
0.9649,different,"adjudicated (D12); signed off by S. Trajanovski, 2026-09-05","DataCite 10.5281/zenodo.5153334 resourceTypeGeneral='Dataset', titled '- Dataset'",RC-0417,In materia reservoir computing with a fully memristive architecture based on self-organizing nanowire networks,2021,Nature Materials,10.1038/s41563-021-01099-9,openalex,RC-3820,In materia reservoir computing with a fully memristive architecture based on self-organizing nanowire networks - Dataset,2021,Zenodo (CERN European Organization for Nuclear Research),10.5281/zenodo.5153334,openalex,different,high,1,"DataCite 10.5281/zenodo.5153334 resourceTypeGeneral='Dataset', titled '- Dataset'",Dataset carries the paper's exact title and team.,"Zenodo dataset deposit, distinct object type from the Nature Materials article."
0.9623,different,"adjudicated (D12); signed off by S. Trajanovski, 2026-09-05",HAL hal-04552115 is EMRS 2021 Spring meeting (2021-05-31); 10.1117/12.2567214 is an SPIE Aug 2020 proceedings-article. Two different invited talks a year apart,RC-0271,[Invited] Assessing electron transport through 2D molecule-nanoparticle networks for reservoir computing sensing,2021,HAL (Le Centre pour la Communication Scientifique Directe),,openalex,RC-3748,Assessing electron transport through 2D molecule-nanoparticle networks for reservoir computing sensing,2020,,10.1117/12.2567214,openalex,different,high,1,HAL hal-04552115 is EMRS 2021 Spring meeting (2021-05-31); 10.1117/12.2567214 is an SPIE Aug 2020 proceedings-article. Two different invited talks a year apart,Identical title and sole author.,"HAL records a distinct 2021 EMRS communication, separately citable."
0.959,same,"adjudicated (D12); signed off by S. Trajanovski, 2026-09-05",Crossref 10.35848/1347-4065/adb75b JJAP 64(3); OpenAlex W7170115438 is the DOI-less IRDB deposit with identical author trio and year,RC-0056,Multimodal object recognition and real-time anomaly detection by physical reservoir computing using an Ag2S reservoir,2025,Institutional Repositories DataBase (IRDB),,openalex,RC-2023,Multimodal object recognition and real-time anomaly detection by physical reservoir computing using an Ag<sub>2</sub>S reservoir,2025,Japanese Journal of Applied Physics,10.35848/1347-4065/adb75b,openalex,same,high,1,Crossref 10.35848/1347-4065/adb75b JJAP 64(3); OpenAlex W7170115438 is the DOI-less IRDB deposit with identical author trio and year,IRDB institutional-repository copy of the same JJAP article.,Record a has no DOI.
0.9583,same,"adjudicated (D12); signed off by S. Trajanovski, 2026-09-05","Crossref 10.1103/3b3z-29f4 declares has-preprint = 10.48550/arXiv.2504.08224, exactly record b",RC-1141,All-optical echo state network reservoir computing,2025,Physical Review Research,10.1103/3b3z-29f4,openalex,RC-5902,Optical Echo State Network Reservoir Computing,2025,arXiv (Cornell University),10.48550/arxiv.2504.08224,arxiv|openalex,same,high,1,"Crossref 10.1103/3b3z-29f4 declares has-preprint = 10.48550/arXiv.2504.08224, exactly record b",Crossref declares the preprint relation directly.,Published title gained 'All-optical'.
0.9569,same,"adjudicated (D12); signed off by S. Trajanovski, 2026-09-05",OpenAlex W3145607888 biblio vol 25 issue 4 pp.123-126 and authors match Crossref 10.2299/jsp.25.123,RC-0054,Physical Reservoir Computing on Atomic Switch Arrays with High Precision and Excellent Memory Characteristics,2021,The Japan Society of Applied Physics,,openalex,RC-2012,Reservoir Computing on Atomic Switch Arrays with High Precision and Excellent Memory Characteristics,2021,Journal of Signal Processing,10.2299/jsp.25.123,openalex,same,high,1,OpenAlex W3145607888 biblio vol 25 issue 4 pp.123-126 and authors match Crossref 10.2299/jsp.25.123,"Same volume, issue, pages, year and authors; mis-attributed index entry.",Leading word 'Physical' differs; venue string points to a different society.
0.9558,different,"adjudicated (D12); signed off by S. Trajanovski, 2026-09-05","10.14293/s2199-1006.1.sor-uncat.asz2jp.v1.rexzsh is type 'peer-review', ScienceOpen, author Jalali; 10.3390/dynamics4030033 is the article reviewed",RC-0552,Classical and Quantum Physical Reservoir Computing for Onboard Artificial Intelligence Systems: A Perspective,2024,Dynamics,10.3390/dynamics4030033,arxiv|openalex,RC-2750,"Review of ""Classical and Quantum Physical Reservoir Computing for Onboard Artificial Intelligence Systems: A Perspective""",2025,,10.14293/s2199-1006.1.sor-uncat.asz2jp.v1.rexzsh,openalex,different,high,1,"10.14293/s2199-1006.1.sor-uncat.asz2jp.v1.rexzsh is type 'peer-review', ScienceOpen, author Jalali; 10.3390/dynamics4030033 is the article reviewed",The review's title embeds the article title verbatim.,A peer-review record by a different author is a distinct object.
0.9549,different,"adjudicated (D12); signed off by S. Trajanovski, 2026-09-05","Two distinct F1000Research referee-report DOIs (.r401540, .r403945) on the same article version, different reviewers and outcomes",RC-3974,Referee report. For: Deep Learning based hybrid residual attention and echo state network for high-accuracy heart disease prediction [version 1; peer review: 1 approved with reservations],2025,Faculty of 1000 Research Ltd,10.5256/f1000research.182263.r401540,openalex,RC-4034,"Referee report. For: Deep Learning based hybrid residual attention and echo state network for high-accuracy heart disease prediction [version 1; peer review: 2 approved with reservations, 1 not approved]",2025,Faculty of 1000 Research Ltd,10.5256/f1000research.182263.r403945,openalex,different,high,1,"Two distinct F1000Research referee-report DOIs (.r401540, .r403945) on the same article version, different reviewers and outcomes",Both are peer review on the same article version.,Two separate referee reports with their own DOIs.
0.9537,same,"adjudicated (D12); signed off by S. Trajanovski, 2026-09-05","Crossref 10.1186/s40623-023-01896-3 declares has-preprint -> 10.22541/essoar.167397423.39654060/v1, reciprocated; same three authors",RC-3035,Machine learning emulator for physics-based prediction of ionospheric potential response to solar wind variations,2023,Earth Planets and Space,10.1186/s40623-023-01896-3,openalex,RC-3306,Machine learning emulator for physics-based prediction of ionospheric response to solar wind variations,2023,,10.22541/essoar.167397423.39654060/v1,openalex,same,high,1,"Crossref 10.1186/s40623-023-01896-3 declares has-preprint -> 10.22541/essoar.167397423.39654060/v1, reciprocated; same three authors",Crossref asserts the relation between exactly these DOIs.,Preprint title omits 'potential'.
0.9532,different,"adjudicated (D12); signed off by S. Trajanovski, 2026-09-05","10.2514/6.2025-0332.c1 is 'Correction: ...' , distinct proceedings item from 10.2514/6.2025-0332",RC-2664,Systems Identification and Next-Generation Reservoir Computing for Modeling Micro Gas Turbine Engine Performance,2025,,10.2514/6.2025-0332,openalex,RC-2669,Correction: Systems Identification and Next-Generation Reservoir Computing for Modeling Micro Gas Turbine Engine Performance,2025,,10.2514/6.2025-0332.c1,openalex,different,high,1,"10.2514/6.2025-0332.c1 is 'Correction: ...' , distinct proceedings item from 10.2514/6.2025-0332",Correction concerns the same AIAA paper.,A correction notice is a separate citable item.
0.9524,same,"adjudicated (D12); signed off by S. Trajanovski, 2026-09-05",arXiv 2511.16557v1 has identical title and identical eight-author list as Crossref 10.1021/acsaelm.6c00504,RC-3913,Interfacial and Bulk Switching MoS <sub>2</sub> Memristors for an All-2D Reservoir Computing Framework,2026,ACS Applied Electronic Materials,10.1021/acsaelm.6c00504,openalex,RC-5982,Interfacial and bulk switching MoS2 memristors for an all-2D reservoir computing framework,2025,arXiv,,arxiv,same,high,1,arXiv 2511.16557v1 has identical title and identical eight-author list as Crossref 10.1021/acsaelm.6c00504,Verbatim title and full author-list match.,arXiv record carries no publisher-asserted link.
0.9516,same,"adjudicated (D12); signed off by S. Trajanovski, 2026-09-05",bioRxiv 10.1101/2023.05.31.543092 and Research Square 10.21203/rs.3.rs-3084265/v1 share eight authors and abstract; RS declares is-preprint-of 10.1038/s41467-024-44900-4,RC-2243,<tt>conn2res</tt> : A toolbox for connectome-based reservoir computing,2023,bioRxiv (Cold Spring Harbor Laboratory),10.1101/2023.05.31.543092,openalex,RC-2350,conn2res: A toolbox for connectome-based reservoir computing,2023,Research Square,10.21203/rs.3.rs-3084265/v1,openalex,same,high,1,bioRxiv 10.1101/2023.05.31.543092 and Research Square 10.21203/rs.3.rs-3084265/v1 share eight authors and abstract; RS declares is-preprint-of 10.1038/s41467-024-44900-4,Identical authors and abstract; record a is the <tt>-markup variant of the same conn2res manuscript.,Two separate preprint-server deposits with independent DOIs.
0.9516,different,"adjudicated (D12); signed off by S. Trajanovski, 2026-09-05","10.1007/978-3-030-28468-8_9 is a Springer chapter by Xu, Li, Meng; 10.1109/bigdataservice.2019.00045 is an IEEE paper by Xu, Shamrooz, Li, Hou about WATER network traffic",RC-4036,Self-similarity Analysis and Application of Network Traffic,2019,"Lecture notes of the Institute for Computer Sciences, Social Informatics and Telecommunications Engineering",10.1007/978-3-030-28468-8_9,openalex,RC-5179,Self-Similarity Analysis and Application of Water Network Traffic,2019,,10.1109/bigdataservice.2019.00045,openalex,different,high,1,"10.1007/978-3-030-28468-8_9 is a Springer chapter by Xu, Li, Meng; 10.1109/bigdataservice.2019.00045 is an IEEE paper by Xu, Shamrooz, Li, Hou about WATER network traffic","Overlapping authors, same year, titles match at 0.95.","'Water Network Traffic' is a different subject; author lists, venues and pages all differ."
0.9452,same,"adjudicated (D12); signed off by S. Trajanovski, 2026-09-05",arXiv 2112.15270 returns the identical 16-author list as Crossref 10.1038/s42256-023-00609-5,RC-2807,Echo state graph neural networks with analogue random resistive memory arrays,2023,Nature Machine Intelligence,10.1038/s42256-023-00609-5,openalex,RC-5740,Echo state graph neural networks with analogue random resistor arrays,2021,arXiv (Cornell University),10.48550/arxiv.2112.15270,arxiv|openalex,same,high,1,arXiv 2112.15270 returns the identical 16-author list as Crossref 10.1038/s42256-023-00609-5,Full author list matches; Dec-2021 preprint of the Feb-2023 Nat. Mach. Intell. paper.,'resistive memory arrays' vs 'resistor arrays' is a terminology change.
0.9437,same,"adjudicated (D12); signed off by S. Trajanovski, 2026-09-05",Crossref 10.1587/nolta.17.21 issued 2026 reconciles the year discrepancy; titles identical once <i>C. elegans</i> entities decoded,RC-0326,Modeling signal transduction pathways with biologically-inspired deep ESN for membrane voltage dynamics in C. elegans olfactory neurons,2026,Institutional Repositories DataBase (IRDB),,openalex,RC-5157,Modeling signal transduction pathways with biologically-inspired deep ESN for membrane voltage dynamics in &lt;i&gt;C. elegans&lt;/i&gt; olfactory neurons,2025,Nonlinear Theory and Its Applications IEICE,10.1587/nolta.17.21,openalex,same,high,1,Crossref 10.1587/nolta.17.21 issued 2026 reconciles the year discrepancy; titles identical once <i>C. elegans</i> entities decoded,Byte-identical title after entity decoding; Crossref date reconciles the year conflict.,Record a is an IRDB repository stub with no DOI and a different stated year.
0.943,different,"adjudicated (D12); signed off by S. Trajanovski, 2026-09-05","10.1515/nanoph-2023-0708 is the article; 10.1515/nanoph-2024-0713 is 'Corrigendum to: ...', a one-page 2025 notice",RC-1634,Experimental demonstration of a photonic reservoir computing system based on Fabry Perot laser for multiple tasks processing,2024,Nanophotonics,10.1515/nanoph-2023-0708,openalex,RC-3966,Corrigendum to: Experimental demonstration of a photonic reservoir computing system based on Fabry Perot laser for multiple tasks processing,2025,Nanophotonics,10.1515/nanoph-2024-0713,openalex,different,high,1,"10.1515/nanoph-2023-0708 is the article; 10.1515/nanoph-2024-0713 is 'Corrigendum to: ...', a one-page 2025 notice",Identical eight authors; corrigendum quotes the title verbatim.,A correction is a distinct record.
0.9419,same,"adjudicated (D12); signed off by S. Trajanovski, 2026-09-05","arXiv 2307.10950 and NJP 10.1088/1367-2630/acfba6 abstracts word-for-word identical apart from direct/evanescent; both Boikov, Brunner, De Rossi 2023",RC-1628,Evanescent coupling of nonlinear integrated cavities for all-optical reservoir computing,2023,New Journal of Physics,10.1088/1367-2630/acfba6,openalex,RC-5802,Direct coupling of nonlinear integrated cavities for all-optical reservoir computing,2023,arXiv (Cornell University),10.48550/arxiv.2307.10950,arxiv|openalex,same,high,1,"arXiv 2307.10950 and NJP 10.1088/1367-2630/acfba6 abstracts word-for-word identical apart from direct/evanescent; both Boikov, Brunner, De Rossi 2023",Identical abstract and authors two months apart; retitled for publication.,'Direct' and 'evanescent' coupling are physically distinct schemes.
0.9412,different,"adjudicated (D12); signed off by S. Trajanovski, 2026-09-05",10.1002/smll.202402961 is the research article; 10.1002/smll.202470296 carries '(Small 40/2024)' - the Wiley issue cover item,RC-1703,Reconfigurable Resistive Switching Memory for Telegraph Code Sensing and Recognizing Reservoir Computing Systems,2024,Small,10.1002/smll.202402961,openalex,RC-3968,Reconfigurable Resistive Switching Memory for Telegraph Code Sensing and Recognizing Reservoir Computing Systems (Small 40/2024),2024,Small,10.1002/smll.202470296,openalex,different,high,1,10.1002/smll.202402961 is the research article; 10.1002/smll.202470296 carries '(Small 40/2024)' - the Wiley issue cover item,"Identical authors, journal, volume and issue.",Wiley cover-picture entries are distinct front-matter records. HOUSE POLICY NEEDED.
0.9398,different,"adjudicated (D12); signed off by S. Trajanovski, 2026-09-05","Crossref 10.1002/advs.202370235 is a Wiley cover-picture item, references-count 0, no abstract, issue 34/2023; 10.1002/advs.202305074 is the article with 41 references",RC-1922,Embodying Multifunctional Mechano‐Intelligence in and Through Phononic Metastructures Harnessing Physical Reservoir Computing (Adv. Sci. 34/2023),2023,Advanced Science,10.1002/advs.202370235,openalex,RC-6189,Embodying Multifunctional Mechano‐Intelligence in and Through Phononic Metastructures Harnessing Physical Reservoir Computing,2023,Advanced Science,10.1002/advs.202305074,arxiv|openalex,different,high,1,"Crossref 10.1002/advs.202370235 is a Wiley cover-picture item, references-count 0, no abstract, issue 34/2023; 10.1002/advs.202305074 is the article with 41 references",Same three authors and base title.,"Separately-DOI'd cover item with zero references, not the research article. HOUSE POLICY NEEDED."
0.9394,different,"adjudicated (D12); signed off by S. Trajanovski, 2026-09-05",10.1007/s11063-020-10267-y has 2 authors (2020); 10.1016/j.asoc.2024.111289 has 5 authors (2024),RC-0649,Fractional Order Echo State Network for Time Series Prediction,2020,Neural Processing Letters,10.1007/s11063-020-10267-y,openalex,RC-0670,Fractional-integer-order echo state network for time series prediction,2024,Applied Soft Computing,10.1016/j.asoc.2024.111289,openalex,different,high,1,10.1007/s11063-020-10267-y has 2 authors (2020); 10.1016/j.asoc.2024.111289 has 5 authors (2024),Shared first author and parallel title.,"'Fractional-integer-order' is a distinct model; different authors, journals, four years apart."
0.9386,different,"adjudicated (D12); signed off by S. Trajanovski, 2026-09-05","10.1007/s42484-025-00245-9 is 'Correction to: ...' , distinct from 2024 original 10.1007/s42484-024-00188-7",RC-2662,Correction to: Quantum next generation reservoir computing: an efficient quantum algorithm for forecasting quantum dynamics,2025,Quantum Machine Intelligence,10.1007/s42484-025-00245-9,openalex,RC-6161,Quantum next generation reservoir computing: an efficient quantum algorithm for forecasting quantum dynamics,2024,Quantum Machine Intelligence,10.1007/s42484-024-00188-7,arxiv|openalex,different,high,1,"10.1007/s42484-025-00245-9 is 'Correction to: ...' , distinct from 2024 original 10.1007/s42484-024-00188-7",Same authors and journal.,A correction notice is a separate citable item.
0.938,same,"adjudicated (D12); signed off by S. Trajanovski, 2026-09-05",Crossref 10.1364/prj.558405 declares has-preprint = 10.1364/opticaopen.28297334 and the reverse relation is reciprocated,RC-1676,All-optical spiking processing and reservoir computing with a passive silicon microring and wavelength-time division multiplexing,2025,Photonics Research,10.1364/prj.558405,openalex,RC-3905,All-optical passive spiking processing and reservoir computing with a silicon microring and wavelength-time division multiplexing,2025,,10.1364/opticaopen.28297334,openalex,same,high,1,Crossref 10.1364/prj.558405 declares has-preprint = 10.1364/opticaopen.28297334 and the reverse relation is reciprocated,Explicit bidirectional preprint/published relation.,Word order differs between the two titles.
0.9359,different,"adjudicated (D12); signed off by S. Trajanovski, 2026-09-05","Both type 'peer-review' of ESD preprint esd-2019-63 but distinct referee comments, RC1 2020-01-13 and RC2 2020-02-07",RC-5364,"Review of ""Reconstructing coupled time series in climate systems by machine learning""",2020,,10.5194/esd-2019-63-rc1,openalex,RC-5414,Reconstructing Coupled Time Series in Climate Systems by Machine Learning,2020,,10.5194/esd-2019-63-rc2,openalex,different,high,1,"Both type 'peer-review' of ESD preprint esd-2019-63 but distinct referee comments, RC1 2020-01-13 and RC2 2020-02-07",Both target the identical manuscript.,RC1 and RC2 are two different referee reports with separate DOIs.
0.9353,different,"adjudicated (D12); signed off by S. Trajanovski, 2026-09-05","arXiv holds two distinct preprints by the same four authors: 2512.00777v1 'Bidirectional' = record a, and 2512.19451v1 'Parallel Bidirectional' which carries DOI 10.1587/nolta.17.79 = record b. The NOLTA paper is the published version of the OTHER preprint",RC-5984,Sign Language Recognition using Bidirectional Reservoir Computing,2025,Institutional Repositories DataBase (IRDB),10.48550/arxiv.2512.00777,arxiv|openalex,RC-6382,Sign language recognition using parallel bidirectional reservoir computing,2025,Nonlinear Theory and Its Applications IEICE,10.1587/nolta.17.79,arxiv|openalex,different,high,1,"arXiv holds two distinct preprints by the same four authors: 2512.00777v1 'Bidirectional' = record a, and 2512.19451v1 'Parallel Bidirectional' which carries DOI 10.1587/nolta.17.79 = record b. The NOLTA paper is the published version of the OTHER preprint",Same four authors and topic one month apart.,arXiv explicitly links the NOLTA DOI to the other preprint.
0.9349,different,"adjudicated (D12); signed off by S. Trajanovski, 2026-09-05","Crossref 10.3389/fenrg.2026.1770773 has update-to=('correction','10.3389/fenrg.2022.858518')",RC-1261,Grey Wolf Optimization–Based Deep Echo State Network for Time Series Prediction,2022,Frontiers in Energy Research,10.3389/fenrg.2022.858518,openalex,RC-3155,Correction: Grey wolf optimization–based deep echo state network for time series prediction,2026,Frontiers in Energy Research,10.3389/fenrg.2026.1770773,openalex,different,high,1,"Crossref 10.3389/fenrg.2026.1770773 has update-to=('correction','10.3389/fenrg.2022.858518')","Same authors, journal and study.",Crossref formally types record b as the correction to record a.
0.9333,same,"adjudicated (D12); signed off by S. Trajanovski, 2026-09-05",OpenAlex abstracts for 10.1109/icrc2020.2020.00012 and arXiv:2005.00522 word-for-word identical apart from one added device; both sole-authored by Ganesh,RC-4582,Rebooting Neuromorphic Design - A Complexity Engineering Approach,2020,,10.1109/icrc2020.2020.00012,openalex,RC-5693,Rebooting Neuromorphic Hardware Design -- A Complexity Engineering Approach,2020,arXiv (Cornell University),10.48550/arxiv.2005.00522,arxiv|openalex,same,high,1,OpenAlex abstracts for 10.1109/icrc2020.2020.00012 and arXiv:2005.00522 word-for-word identical apart from one added device; both sole-authored by Ganesh,"Single shared author, same year, verbatim abstract.",Published title drops 'Hardware'; no journal-ref.
0.9333,same,"adjudicated (D12); signed off by S. Trajanovski, 2026-09-05","OSTI 10.2172/2386906 abstract word-for-word identical to Nano Express 10.1088/2632-959x/ad2999, same four authors, both March 2024",RC-2316,"Ergodicity, lack thereof, and the performance of reservoir computing with memristive networks and nanowire",2024,,10.2172/2386906,openalex,RC-6263,"Ergodicity, lack thereof, and the performance of reservoir computing with memristive networks",2024,Nano Express,10.1088/2632-959x/ad2999,arxiv|openalex,same,high,1,"OSTI 10.2172/2386906 abstract word-for-word identical to Nano Express 10.1088/2632-959x/ad2999, same four authors, both March 2024",Verbatim identical abstract and author list; DOE deposit of the same manuscript.,OSTI classifies it as a Technical Report with a broader title.
0.9322,different,"adjudicated (D12); signed off by S. Trajanovski, 2026-09-05","10.1364/oe.441236 is an Optics Express article by four authors (2021); 10.1007/978-981-99-5072-0_11 is a Springer book chapter, sole author Shimomura (2023)",RC-1485,Tunable reservoir computing based on iterative function systems,2021,Optics Express,10.1364/oe.441236,openalex,RC-3195,Reservoir Computing Based on Iterative Function Systems,2023,,10.1007/978-981-99-5072-0_11,openalex,different,high,1,"10.1364/oe.441236 is an Optics Express article by four authors (2021); 10.1007/978-981-99-5072-0_11 is a Springer book chapter, sole author Shimomura (2023)",The chapter covers the same IFS-based research by an overlapping author.,"Journal article vs single-author book chapter, different author list and year."
0.9302,different,"adjudicated (D12); signed off by S. Trajanovski, 2026-09-05","DataCite 10.17632/kcpnnrn67p.1 is a Mendeley Data deposit, resourceTypeGeneral 'Dataset', titled 'Data for: ...'",RC-0491,Echo-state networks for soft sensor design in an SRU process,2021,Information Sciences,10.1016/j.ins.2021.03.013,openalex,RC-2964,Data for: Echo-state networks for Soft Sensor design in an SRU process,2021,Data Archiving and Networked Services (DANS),10.17632/kcpnnrn67p.1,openalex,different,high,1,"DataCite 10.17632/kcpnnrn67p.1 is a Mendeley Data deposit, resourceTypeGeneral 'Dataset', titled 'Data for: ...'",Dataset title embeds the article title.,"Mendeley dataset deposit with a single creator, not the article."
0.929,different,"adjudicated (D12); signed off by S. Trajanovski, 2026-09-05","10.1371/journal.pone.0315300 is 'Correction: ...' (Dec 2024), separate from 2023 article 10.1371/journal.pone.0282122",RC-1344,Computational capabilities of a multicellular reservoir computing system,2023,PLoS ONE,10.1371/journal.pone.0282122,openalex,RC-3315,Correction: Computational capabilities of a multicellular reservoir computing system,2024,PLoS ONE,10.1371/journal.pone.0315300,openalex,different,high,1,"10.1371/journal.pone.0315300 is 'Correction: ...' (Dec 2024), separate from 2023 article 10.1371/journal.pone.0282122",Same authors and journal.,A PLOS correction notice is its own citable publication.
0.928,same,"adjudicated (D12); signed off by S. Trajanovski, 2026-09-05","OpenAlex W3111911898 resolves to arXiv 2012.07881, which carries journal_ref IEEE TNNLS and DOI 10.1109/TNNLS.2023.3237381 = record b, same five authors",RC-0080,Perceptron Theory for Predicting the Accuracy of Neural Networks.,2020,arXiv (Cornell University),,openalex,RC-6359,Perceptron Theory Can Predict the Accuracy of Neural Networks,2023,IEEE Transactions on Neural Networks and Learning Systems,10.1109/tnnls.2023.3237381,arxiv|openalex,same,high,1,"OpenAlex W3111911898 resolves to arXiv 2012.07881, which carries journal_ref IEEE TNNLS and DOI 10.1109/TNNLS.2023.3237381 = record b, same five authors",Record a is the v1 arXiv posting that arXiv itself links to record b's DOI.,Titles differ in wording; years three apart.
0.9273,same,"adjudicated (D12); signed off by S. Trajanovski, 2026-09-05","HAL hal-03253727 gives conference 'SPIE Organic Photonics & Electronics', San Diego, 2020-08-23, sole author Vuillaume - matching Crossref 10.1117/12.2567214 exactly",RC-0280,[Invited] Assessing electron transport through 2D molecule-nanoparticle networks for reservoir computing sensing (Invited),2020,HAL (Le Centre pour la Communication Scientifique Directe),,openalex,RC-3748,Assessing electron transport through 2D molecule-nanoparticle networks for reservoir computing sensing,2020,,10.1117/12.2567214,openalex,same,high,1,"HAL hal-03253727 gives conference 'SPIE Organic Photonics & Electronics', San Diego, 2020-08-23, sole author Vuillaume - matching Crossref 10.1117/12.2567214 exactly","Conference name, city, date, author and title all match; self-archived record of the same SPIE contribution.",HAL types it as a talk with no DOI asserted.
0.9268,different,"adjudicated (D12); signed off by S. Trajanovski, 2026-09-05","10.1002/advs.202411777 is the research article; 10.1002/advs.202570015 has the '(Adv. Sci. 3/2025)' suffix - the Wiley cover item, same six authors",RC-1276,Iono–Magnonic Reservoir Computing With Chaotic Spin Wave Interference Manipulated by Ion‐Gating,2024,Advanced Science,10.1002/advs.202411777,openalex,RC-4017,Iono–Magnonic Reservoir Computing With Chaotic Spin Wave Interference Manipulated by Ion‐Gating (Adv. Sci. 3/2025),2025,Advanced Science,10.1002/advs.202570015,openalex,different,high,1,"10.1002/advs.202411777 is the research article; 10.1002/advs.202570015 has the '(Adv. Sci. 3/2025)' suffix - the Wiley cover item, same six authors","Same authors, journal, volume and issue.",Cover-picture records are distinct front-matter items. HOUSE POLICY NEEDED.
0.9259,same,"adjudicated (D12); signed off by S. Trajanovski, 2026-09-05",Crossref 10.1109/ijcnn55064.2022.9892805 and TechRxiv 10.36227/techrxiv.17704682 share four authors; TechRxiv predates IJCNN by six months,RC-1430,Proposal of Reconstructive Reservoir Computing to Detect Anomaly in Time-series Signals,2022,2022 International Joint Conference on Neural Networks (IJCNN),10.1109/ijcnn55064.2022.9892805,openalex,RC-1900,Reconstructive Reservoir Computing to Detect Anomaly in Time-series Signals,2022,,10.36227/techrxiv.17704682,openalex,same,high,1,Crossref 10.1109/ijcnn55064.2022.9892805 and TechRxiv 10.36227/techrxiv.17704682 share four authors; TechRxiv predates IJCNN by six months,Identical author list and year; titles differ only by the 'Proposal of' prefix.,No explicit Crossref preprint relation.
0.9259,same,"adjudicated (D12); signed off by S. Trajanovski, 2026-09-05","Crossref 10.1088/2632-2153/ad5414 declares has-preprint -> 10.21203/rs.3.rs-3911885/v1, reciprocated; same two authors",RC-1463,On the prediction of the turbulent flow behind cylinder arrays via echo state networks,2024,Machine Learning Science and Technology,10.1088/2632-2153/ad5414,openalex,RC-3010,Prediction of turbulent flows behind cylinder arrays via Echo State Networks,2024,Research Square,10.21203/rs.3.rs-3911885/v1,openalex,same,high,1,"Crossref 10.1088/2632-2153/ad5414 declares has-preprint -> 10.21203/rs.3.rs-3911885/v1, reciprocated; same two authors",Crossref asserts the relation between exactly these DOIs.,Titles differ in singular/plural and a leading 'On the'.
0.9243,different,"adjudicated (D12); signed off by S. Trajanovski, 2026-09-05",10.5194/gmd-2020-211-rc3 is a referee review; 10.5194/gmd-2020-211-ac1 is an author comment by Tomizawa,RC-4167,"Review of ""Combining Ensemble Kalman Filter and Reservoir Computing to predict spatio-temporal chaotic systems from imperfect observations and models"" by F. Tomizawa and Y. Sawada",2020,,10.5194/gmd-2020-211-rc3,openalex,RC-4203,"Interactive comment on ""Combining Ensemble Kalman Filter and Reservoir Computing to predict spatio-temporal chaotic systems from imperfect observations and models"" by Futo Tomizawa and Yohei Sawada",2020,,10.5194/gmd-2020-211-ac1,openalex,different,high,1,10.5194/gmd-2020-211-rc3 is a referee review; 10.5194/gmd-2020-211-ac1 is an author comment by Tomizawa,Both attach to the same GMD discussion paper.,A referee report and the authors' reply are distinct items.
0.9221,different,"adjudicated (D12); signed off by S. Trajanovski, 2026-09-05",Record a is a Zenodo deposit 'Dataset for: ...' (10.5281/zenodo.7792576); 10.1073/pnas.2217008120 is the PNAS article,RC-3454,Dataset for: Biological neurons act as generalization filters in reservoir computing,2023,Zenodo (CERN European Organization for Nuclear Research),10.5281/zenodo.7792576,openalex,RC-6169,Biological neurons act as generalization filters in reservoir computing,2023,Proceedings of the National Academy of Sciences,10.1073/pnas.2217008120,arxiv|openalex,different,high,1,Record a is a Zenodo deposit 'Dataset for: ...' (10.5281/zenodo.7792576); 10.1073/pnas.2217008120 is the PNAS article,The dataset accompanies exactly this paper.,A Zenodo data deposit is a distinct research output.
0.9215,same,"adjudicated (D12); signed off by S. Trajanovski, 2026-09-05",Crossref 10.1007/s11063-024-11474-7 declares has-preprint -> 10.21203/rs.3.rs-3350392/v1; same three authors,RC-3157,Time Series Prediction of Echo State Network Based on Chebyshev Mapping and Strongly Connected Topology,2023,Research Square,10.21203/rs.3.rs-3350392/v1,openalex,RC-3892,Time Series Prediction of ESN Based on Chebyshev Mapping and Strongly Connected Topology,2024,Neural Processing Letters,10.1007/s11063-024-11474-7,openalex,same,high,1,Crossref 10.1007/s11063-024-11474-7 declares has-preprint -> 10.21203/rs.3.rs-3350392/v1; same three authors,Crossref asserts the link; only difference is 'Echo State Network' vs 'ESN'.,Different years and title surface forms.
0.9189,different,"adjudicated (D12); signed off by S. Trajanovski, 2026-09-05","10.1063/5.0138661 (Chaos 2023) by Kong, Weng, Glaz, Haile, Lai; 10.1007/s11071-025-12087-y (Nonlinear Dynamics 2026) by Sun, Zhou, Cao, Hou, Guan, Leng - disjoint author teams",RC-0511,Reservoir computing as digital twins for nonlinear dynamical systems,2023,Chaos An Interdisciplinary Journal of Nonlinear Science,10.1063/5.0138661,openalex,RC-3439,Reservoir computing as digital twins for controlling nonlinear dynamical systems,2026,Nonlinear Dynamics,10.1007/s11071-025-12087-y,openalex,different,high,1,"10.1063/5.0138661 (Chaos 2023) by Kong, Weng, Glaz, Haile, Lai; 10.1007/s11071-025-12087-y (Nonlinear Dynamics 2026) by Sun, Zhou, Cao, Hou, Guan, Leng - disjoint author teams",Titles differ by one word; both on RC digital twins.,"Zero author overlap, three years apart, and 'controlling' marks a different contribution."
0.9184,different,"adjudicated (D12); signed off by S. Trajanovski, 2026-09-05","Record a resolves to arXiv 2009.00112 'The Computational Capacity of LRC, Memristive and Hybrid Reservoirs' by Sheldon, Kolchinsky, Caravelli; 10.1145/3381755.3381779 is a NICE 2020 ACM paper by Sheldon and Caravelli only",RC-0299,The Computational Capacity of Memristor Reservoirs,2020,arXiv (Cornell University),,openalex,RC-4675,The Computational Capacity of Mem-LRC Reservoirs,2020,,10.1145/3381755.3381779,openalex,different,high,1,"Record a resolves to arXiv 2009.00112 'The Computational Capacity of LRC, Memristive and Hybrid Reservoirs' by Sheldon, Kolchinsky, Caravelli; 10.1145/3381755.3381779 is a NICE 2020 ACM paper by Sheldon and Caravelli only","Overlapping authors, same year, related subject.","Different author lists, different venues; 'Mem-LRC' is a distinct model."
0.918,different,"adjudicated (D12); signed off by S. Trajanovski, 2026-09-05","10.1155/2020/8643029 is the article; 10.1155/2021/3041205 is 'Corrigendum to ...', a separate 2021 notice",RC-0961,Controller Design Based on Echo State Network with Delay Output for Nonlinear System,2020,Complexity,10.1155/2020/8643029,openalex,RC-3083,Corrigendum to “Controller Design Based on Echo State Network with Delay Output for Nonlinear System”,2021,Complexity,10.1155/2021/3041205,openalex,different,high,1,"10.1155/2020/8643029 is the article; 10.1155/2021/3041205 is 'Corrigendum to ...', a separate 2021 notice",Same four authors; corrigendum quotes the title verbatim.,A correction is a distinct record.
0.918,same,"adjudicated (D12); signed off by S. Trajanovski, 2026-09-05","10.21203/rs.3.rs-4741218/v1 Research Square posted-content and 10.1038/s44172-024-00330-0 Comms Eng article share the same five authors, Springer Nature pipeline",RC-3184,Post-processing methods for delay embedding and feature scaling of reservoir computers,2025,Communications Engineering,10.1038/s44172-024-00330-0,openalex,RC-4362,Total recall: Post-processing methods for delay-embedding and feature scaling ofreservoir computer,2024,Research Square,10.21203/rs.3.rs-4741218/v1,openalex,same,high,1,"10.21203/rs.3.rs-4741218/v1 Research Square posted-content and 10.1038/s44172-024-00330-0 Comms Eng article share the same five authors, Springer Nature pipeline",Identical five authors; preprint five months before the journal version.,Preprint carries an extra leading phrase; no explicit relation.
0.916,different,"adjudicated (D12); signed off by S. Trajanovski, 2026-09-05","10.1002/aisy.202200196 by Sun et al. (9 authors, 2022); 10.1063/5.0160599 by Chen et al. (6 authors, 2023). ZERO author overlap",RC-0517,In‐Sensor Reservoir Computing Based on Optoelectronic Synapse,2022,Advanced Intelligent Systems,10.1002/aisy.202200196,openalex,RC-0648,In-sensor reservoir computing based on optoelectronic synaptic devices,2023,Applied Physics Letters,10.1063/5.0160599,openalex,different,high,1,"10.1002/aisy.202200196 by Sun et al. (9 authors, 2022); 10.1063/5.0160599 by Chen et al. (6 authors, 2023). ZERO author overlap",Nearly the same phrase; both in-sensor RC on optoelectronic synapses.,"Disjoint author lists, different journals and years."
0.9133,different,"adjudicated (D12); signed off by S. Trajanovski, 2026-09-05","Crossref 10.1002/advs.202270036 is a Wiley cover-picture item, references-count 0, no abstract, issue 6/2022; 10.1002/advs.202104076 is the article with 32 references",RC-0469,Physical Implementation of Reservoir Computing through Electrochemical Reaction,2021,Advanced Science,10.1002/advs.202104076,openalex,RC-2094,Physical Implementation of Reservoir Computing through Electrochemical Reaction (Adv. Sci. 6/2022),2022,Advanced Science,10.1002/advs.202270036,openalex,different,high,1,"Crossref 10.1002/advs.202270036 is a Wiley cover-picture item, references-count 0, no abstract, issue 6/2022; 10.1002/advs.202104076 is the article with 32 references",Same four authors and base title.,Separately-DOI'd cover item with zero references. HOUSE POLICY NEEDED.
0.913,same,"adjudicated (D12); signed off by S. Trajanovski, 2026-09-05",10.1364/ome.451016 and arXiv:2112.11830 share the identical four authors; same title minus the '[Invited]' tag,RC-0526,Role of delay-times in delay-based photonic reservoir computing [Invited],2022,Optical Materials Express,10.1364/ome.451016,openalex,RC-5738,The role of delay-times in delay-based Photonic Reservoir Computing,2021,arXiv (Cornell University),10.48550/arxiv.2112.11830,arxiv|openalex,same,high,1,10.1364/ome.451016 and arXiv:2112.11830 share the identical four authors; same title minus the '[Invited]' tag,Identical authors; arXiv three months ahead of OME.,Journal title adds '[Invited]'; no journal-ref.
0.9128,same,"adjudicated (D12); signed off by S. Trajanovski, 2026-09-05","10.2139/ssrn.4167500 and 10.1364/ao.475139 carry the identical seven-author list, same 2022",RC-2370,Misestimate of the performance in VCSEL-based reservoir computing systems with optical information injection by high surface reflectivity,2022,Applied Optics,10.1364/ao.475139,openalex,RC-2619,Misestimation of the Performance in Vcsel-Based Reservoir Computing Experimental Systems with Optical Information Injection Resulted by High Surface Reflectivity,2022,SSRN Electronic Journal,10.2139/ssrn.4167500,openalex,same,high,1,"10.2139/ssrn.4167500 and 10.1364/ao.475139 carry the identical seven-author list, same 2022",Identical seven authors; SSRN preprint of the same VCSEL study.,SSRN title adds 'Experimental' and 'Resulted by'.
0.9114,same,"adjudicated (D12); signed off by S. Trajanovski, 2026-09-05","10.36227/techrxiv.171036623.34011701/v1 is TechRxiv posted-content by Schofmann, Fasli, Barros; 10.1109/access.2024.3385339 has the identical three authors",RC-1740,Investigating Biologically Plausible Neural Networks for Reservoir Computing Solutions,2024,IEEE Access,10.1109/access.2024.3385339,openalex,RC-2402,Biologically Plausible Neural Networks for Reservoir Computing Solutions,2024,,10.36227/techrxiv.171036623.34011701/v1,openalex,same,high,1,"10.36227/techrxiv.171036623.34011701/v1 is TechRxiv posted-content by Schofmann, Fasli, Barros; 10.1109/access.2024.3385339 has the identical three authors",Same three authors and year; one-word title expansion.,No explicit Crossref preprint relation.
0.9112,same,"adjudicated (D12); signed off by S. Trajanovski, 2026-09-05","Crossref: 10.21203/rs.3.rs-3454804/v1 declares is-preprint-of 10.1038/s41467-024-49190-4; both Kong, Brewer, Lai",RC-0733,Reservoir-computing based associative memory and itinerancy for complex dynamical attractors,2024,Nature Communications,10.1038/s41467-024-49190-4,openalex,RC-3423,Reservoir-computing based associative memory for complex dynamical attractors,2023,Research Square,10.21203/rs.3.rs-3454804/v1,openalex,same,high,1,"Crossref: 10.21203/rs.3.rs-3454804/v1 declares is-preprint-of 10.1038/s41467-024-49190-4; both Kong, Brewer, Lai",Crossref asserts the preprint relation directly.,Different years; added phrase 'and itinerancy'.
0.9103,different,"adjudicated (D12); signed off by S. Trajanovski, 2026-09-05",10.5194/gmd-2020-211-supplement is type posted-content with relation is-supplement-to; the article is 10.5194/gmd-14-5623-2021,RC-1434,Combining ensemble Kalman filter and reservoir computing to predict spatiotemporal chaotic systems from imperfect observations and models,2021,Geoscientific model development,10.5194/gmd-14-5623-2021,arxiv|openalex,RC-4084,"Supplementary material to ""Combining Ensemble Kalman Filter and Reservoir Computing to predict spatio-temporal chaotic systems from imperfect observations and models""",2020,,10.5194/gmd-2020-211-supplement,openalex,different,high,1,10.5194/gmd-2020-211-supplement is type posted-content with relation is-supplement-to; the article is 10.5194/gmd-14-5623-2021,Same two authors; supplement quotes the title in full.,"Crossref types it as supplementary material, treated like a data deposit."
0.9079,different,"adjudicated (D12); signed off by S. Trajanovski, 2026-09-05","DataCite 10.5281/zenodo.6502264 is resourceTypeGeneral 'Dataset', titled 'Data and Code:', relation IsSupplementTo",RC-4759,Decreased spinal inhibition leads to undiversified locomotor patterns,2025,Biological Cybernetics,10.1007/s00422-025-01011-7,openalex,RC-5337,Data and Code: Decreased spinal inhibition leads to undiversified locomotor patterns,2024,Zenodo (CERN European Organization for Nuclear Research),10.5281/zenodo.6502264,openalex,different,high,1,"DataCite 10.5281/zenodo.6502264 is resourceTypeGeneral 'Dataset', titled 'Data and Code:', relation IsSupplementTo","Same four authors, same study.",A Zenodo dataset/code deposit is a distinct record.
0.9068,different,"adjudicated (D12); signed off by S. Trajanovski, 2026-09-05","10.1109/tcds.2021.3062177 'Deep ESN With Multiple Adaptive Reservoirs' by Wang, Yao, Huang, Liu; 10.1117/12.2626677 'Double echo state network with multiple reservoirs' by Zhang, Lun, Liu, Sun - no author overlap",RC-0540,Deep Echo State Network With Multiple Adaptive Reservoirs for Time Series Prediction,2021,IEEE Transactions on Cognitive and Developmental Systems,10.1109/tcds.2021.3062177,openalex,RC-2143,Double echo state network with multiple reservoirs for time-series prediction,2021,,10.1117/12.2626677,openalex,different,high,1,"10.1109/tcds.2021.3062177 'Deep ESN With Multiple Adaptive Reservoirs' by Wang, Yao, Huang, Liu; 10.1117/12.2626677 'Double echo state network with multiple reservoirs' by Zhang, Lun, Liu, Sun - no author overlap",Both multi-reservoir ESN papers from 2021.,"Disjoint author teams, different venues, different architectures."
0.9065,same,"adjudicated (D12); signed off by S. Trajanovski, 2026-09-05",Crossref 10.1142/s0218213023500306 and arXiv 2108.11417 share three authors; journal abstract describes the same unsupervised RC ODE solver,RC-2363,Reservoir Computing for Solving Ordinary Differential Equations,2023,International Journal of Artificial Intelligence Tools,10.1142/s0218213023500306,openalex,RC-5725,Unsupervised Reservoir Computing for Solving Ordinary Differential Equations,2021,arXiv (Cornell University),10.48550/arxiv.2108.11417,arxiv|openalex,same,high,1,Crossref 10.1142/s0218213023500306 and arXiv 2108.11417 share three authors; journal abstract describes the same unsupervised RC ODE solver,Identical authors and matching abstract content.,Journal title drops 'Unsupervised'; years differ by two.
0.9043,different,"adjudicated (D12); signed off by S. Trajanovski, 2026-09-05",10.1109/jlt.2024.3488592 by Dai and Chembo; 10.1109/lpt.2024.3477352 by Klimko and Chembo. DIFFERENT FIRST AUTHORS,RC-1721,Photonic Reservoir Computing Using Optoelectronic Oscillators With Direct Laser Modulation,2024,Journal of Lightwave Technology,10.1109/jlt.2024.3488592,openalex,RC-1812,Demonstration of Reservoir Computing Using Optoelectronic Oscillators With Direct Laser Modulation,2024,IEEE Photonics Technology Letters,10.1109/lpt.2024.3477352,openalex,different,high,1,10.1109/jlt.2024.3488592 by Dai and Chembo; 10.1109/lpt.2024.3477352 by Klimko and Chembo. DIFFERENT FIRST AUTHORS,"Shared senior author, near-identical titles, same topic.",Different first authors; a 9-page JLT paper and a 4-page PTL letter in separate venues.
0.9032,different,"adjudicated (D12); signed off by S. Trajanovski, 2026-09-05","10.1002/adma.202506729 is the research article; 10.1002/adma.70826 carries '(Adv. Mater. 41/2025)' - the Wiley cover item, same nine authors",RC-1705,Detachable and Reusable: Reinforced π‐Ion Film for Modular Synaptic Reservoir Computing,2025,Advanced Materials,10.1002/adma.202506729,openalex,RC-3947,Detachable and Reusable: Reinforced π‐Ion Film for Modular Synaptic Reservoir Computing (Adv. Mater. 41/2025),2025,Advanced Materials,10.1002/adma.70826,openalex,different,high,1,"10.1002/adma.202506729 is the research article; 10.1002/adma.70826 carries '(Adv. Mater. 41/2025)' - the Wiley cover item, same nine authors","Identical authors, journal, volume and issue.",The suffixed DOI is the cover-picture front-matter record. HOUSE POLICY NEEDED.
0.9028,different,"adjudicated (D12); signed off by S. Trajanovski, 2026-09-05","Crossref 10.1007/s11071-025-11826-5 has update-to=('correction','10.1007/s11071-025-11759-z')",RC-2278,Exploiting Bistability and Viscoelasticity in Reservoir Computing,2025,Nonlinear Dynamics,10.1007/s11071-025-11759-z,openalex,RC-3210,Correction to: Exploiting Bistability and Viscoelasticity in Reservoir Computing,2025,Nonlinear Dynamics,10.1007/s11071-025-11826-5,openalex,different,high,1,"Crossref 10.1007/s11071-025-11826-5 has update-to=('correction','10.1007/s11071-025-11759-z')","Same authors, journal, year and base title.",Crossref types it explicitly as a correction to record a.
0.902,different,"adjudicated (D12); signed off by S. Trajanovski, 2026-09-05",Author lists largely disjoint between ICLO 2020 and ICLO 2024 records,RC-3310,Reservoir computing based on laser subject to optoelectronic feedback,2020,,10.1109/iclo48556.2020.9285607,openalex,RC-3417,Experimental reservoir computing based on a laser subject to optoelectronic feedback,2024,,10.1109/iclo59702.2024.10624144,openalex,different,high,1,Author lists largely disjoint between ICLO 2020 and ICLO 2024 records,Overlapping authors and near-identical topic.,Two separate proceedings papers four years apart with different author sets.
0.902,different,"adjudicated (D12); signed off by S. Trajanovski, 2026-09-05","10.1109/jas.2024.124932 'A Correntropy-Based ESN' vs 10.1016/j.ins.2025.122260 'A mirrored ESN' - different journals, different author sets",RC-0987,A Correntropy-Based Echo State Network with Application to Time Series Prediction,2025,IEEE/CAA Journal of Automatica Sinica,10.1109/jas.2024.124932,openalex,RC-1021,A mirrored echo state network with application to time series prediction,2025,Information Sciences,10.1016/j.ins.2025.122260,openalex,different,high,1,"10.1109/jas.2024.124932 'A Correntropy-Based ESN' vs 10.1016/j.ins.2025.122260 'A mirrored ESN' - different journals, different author sets","Overlapping author group, similar titles, same year.",The distinguishing adjective names a different method; author lists differ.
0.902,different,"adjudicated (D12); signed off by S. Trajanovski, 2026-09-05",Two separate 2025 conference items by the same team: IEEE CLEO/Europe-EQEC 10.1109/cleo/europe-eqec65582.2025.11110295 and Optica CLEO 10.1364/cleo_at.2025.jps200_125,RC-3410,Optical Reservoir Computing Using Frequency Combs in Kerr Microresonators,2025,,10.1109/cleo/europe-eqec65582.2025.11110295,openalex,RC-3453,Optical reservoir computing with chaotic frequency combs in Kerr microresonators,2025,,10.1364/cleo_at.2025.jps200_125,openalex,different,high,1,Two separate 2025 conference items by the same team: IEEE CLEO/Europe-EQEC 10.1109/cleo/europe-eqec65582.2025.11110295 and Optica CLEO 10.1364/cleo_at.2025.jps200_125,Same four authors and topic; may be one study presented twice.,Two separately citable conference contributions at different conferences; titles differ by 'chaotic'.
0.9012,different,"adjudicated (D12); signed off by S. Trajanovski, 2026-09-05",10.1109/tnnls.2022.3172586 is a 4-page authored guest editorial; 10.1109/tnnls.2020.3003482 has ZERO authors and is a single-page call-for-papers announcement,RC-2054,Guest Editorial Special Issue on New Frontiers in Extremely Efficient Reservoir Computing,2022,IEEE Transactions on Neural Networks and Learning Systems,10.1109/tnnls.2022.3172586,openalex,RC-3415,Special Issue on New Frontiers in Extremely Efficient Reservoir Computing,2020,IEEE Transactions on Neural Networks and Learning Systems,10.1109/tnnls.2020.3003482,openalex,different,high,1,10.1109/tnnls.2022.3172586 is a 4-page authored guest editorial; 10.1109/tnnls.2020.3003482 has ZERO authors and is a single-page call-for-papers announcement,Same journal and special-issue name.,"Unauthored announcement vs authored editorial, two years apart."
