ratio,decision,adjudicated_by,note,record_id_a,title_a,year_a,venue_a,doi_a,source_db_a,record_id_b,title_b,year_b,venue_b,doi_b,source_db_b
0.9862,,,,RC-2672,"Memristors—From In‐Memory Computing, Deep Learning Acceleration, and Spiking Neural Networks to the Future of Neuromorphic and Bio‐Inspired Computing",2020,Advanced Intelligent Systems,10.1002/aisy.202000085,arxiv|openalex,RC-5694,"Memristors -- from In-memory computing, Deep Learning Acceleration, Spiking Neural Networks, to the Future of Neuromorphic and Bio-inspired Computing",2020,Research Portal (King's College London),10.48550/arxiv.2004.14942,arxiv|openalex
0.9857,,,,RC-4928,Reduced-order adaptive synchronization in a chaotic neural network with parameter mismatch: A dynamical system vs. machine learning approach,2024,Research Square,10.21203/rs.3.rs-5008392/v1,openalex,RC-6439,Reduced-order adaptive synchronization in a chaotic neural network with parameter mismatch: a dynamical system versus machine learning approach,2024,Nonlinear Dynamics,10.1007/s11071-024-10821-6,arxiv|openalex
0.9845,,,,RC-4770,Modular architecture confers robustness to damage and facilitates recovery in spiking neural networks modeling in vitro neurons,2025,Frontiers in Neuroscience,10.3389/fnins.2025.1570783,openalex,RC-5478,Modular architecture confers robustness to damage and facilitates recovery in spiking neural networks modeling <i>in vitro</i> neurons,2025,bioRxiv (Cold Spring Harbor Laboratory),10.1101/2025.02.04.636401,openalex
0.9823,,,,RC-0391,Statistical analysis of static and dynamic predictors for seismic b-value variations in the Groningen gas field,2022,TNO Repository,,openalex,RC-4855,Statistical analysis of static and dynamic predictors for seismic<i>b</i>-value variations in the Groningen gas field,2022,Netherlands Journal of Geosciences – Geologie en Mijnbouw,10.1017/njg.2022.15,openalex
0.9823,,,,RC-3730,On the attractor in high-dimensional neural network dynamics of reservoir computing: A Lyapunov analysis viewpoint,2026,Chaos An Interdisciplinary Journal of Nonlinear Science,10.1063/5.0315384,arxiv|openalex,RC-5957,On the attractor in a high-dimensional neural network dynamics of reservoir computing: Lyapunov analysis viewpoint,2025,arXiv,,arxiv
0.9802,,,,RC-3858,Compact Optical Reservoir Computing via Luminescence Dynamics in Rare‐Earth Ions‐Doped Nanocrystals,2025,Advanced Science,10.1002/advs.202517334,arxiv|openalex,RC-5944,Compact All optical Reservoir Computing via Luminescence Dynamics in Rare-earth Ions-doped Nanocrystals,2025,arXiv,,arxiv
0.9785,,,,RC-3514,The Role of Entanglement in Quantum Reservoir Computing with Coupled Kerr Nonlinear Oscillators,2025,arXiv,10.11575/prism/50808,arxiv|openalex,RC-3549,Role of entanglement in quantum reservoir computing with coupled Kerr nonlinear oscillators,2026,Physical Review A,10.1103/vwn7-y9vj,openalex
0.975,,,,RC-2276,Sequential Learning from Noisy Data: Data-Assimilation Meets the Echo-State Network,2023,arXiv (Cornell University),10.1109/cdc49753.2023.10383680,arxiv|openalex,RC-5783,Sequential Learning from Noisy Data: Data-Assimilation Meets Echo-State Network,2023,arXiv (Cornell University),10.48550/arxiv.2304.00198,arxiv|openalex
0.9735,,,,RC-1808,Photonic implementation of the input and reservoir layers for a reservoir computing system based on a single VCSEL with two Mach-Zehnder modulators,2024,Optics Express,10.1364/oe.522336,openalex,RC-4054,Photonic implementation of the input and reservoir layers for a reservoir computing system based on a single VCSEL with two Mach-Zehnder modulators: erratum,2024,Optics Express,10.1364/oe.551214,openalex
0.973,,,,RC-2551,A new physical reservoir using the complex dynamics of electric fields in type-II superconductors containing pinning centers interacting with quantized magnetic flux lines,2024,Physica C Superconductivity,10.1016/j.physc.2024.1354522,openalex,RC-4016,A New Physical Reservoir Using the Complex Dynamics of Electric Fields in Type-Ii Superconductors Containing Pinning Centers Interacting with Quantized Flux Lines,2024,SSRN Electronic Journal,10.2139/ssrn.4705859,openalex
0.9714,,,,RC-3396,The effects of dissipation in reservoir computing using spin qubit array,2024,,10.7567/ssdm.2024.ps-09-01,openalex,RC-6314,Effects of dissipation in reservoir computing using spin qubit array,2025,Japanese Journal of Applied Physics,10.35848/1347-4065/adbf9e,arxiv|openalex
0.9707,,,,RC-0064,Intrinsic Disordered Network in Multiferroic YMnO3 Single Crystals for In-Materio Physical Reservoir Computing Through Tuneable Domain-Wall Structure,2025,,,openalex,RC-2125,Intrinsic Disordered Network in Multiferroic YMnO <sub>3</sub> Single Crystals for In‐Materio Physical Reservoir Computing Through Tuneable Domain‐Wall Structure,2025,Small,10.1002/smll.202506397,openalex
0.9689,,,,RC-3606,RCNet: Incorporating Structural Information Into Deep RNN for Online MIMO-OFDM Symbol Detection With Limited Training,2021,IEEE Transactions on Wireless Communications,10.1109/twc.2021.3051317,arxiv|openalex,RC-5691,RCNet: Incorporating Structural Information into Deep RNN for MIMO-OFDM Symbol Detection with Limited Training,2020,arXiv (Cornell University),10.48550/arxiv.2003.06923,arxiv|openalex
0.9682,,,,RC-0061,Dynamic Monolayer WSe2 Electrolyte-Gated Transistor with Coexistent Double Relaxation Timescale for Enhanced Physical Reservoir Computing,2025,RWTH Publications (RWTH Aachen),,openalex,RC-1387,Dynamic Monolayer WSe<sub>2</sub> Electrolyte‐Gated Transistor with Coexistent Double Relaxation Timescale for Enhanced Physical Reservoir Computing,2025,Small,10.1002/smll.202504066,openalex
0.9677,,,,RC-0413,Dynamic memristor-based reservoir computing for high-efficiency temporal signal processing,2021,Nature Communications,10.1038/s41467-020-20692-1,openalex,RC-3677,Dynamic Memristor-based Reservoir Computing for High-Efficiency Spatiotemporal Signal Processing,2020,Research Square,10.21203/rs.3.rs-40717/v1,openalex
0.9677,,,,RC-4760,Data-driven performance measures using global properties of attractors for testing black-box surrogate models of chaotic systems,2025,Chaos An Interdisciplinary Journal of Nonlinear Science,10.1063/5.0283424,arxiv|openalex,RC-5925,Data-Driven Performance Measures using Global Properties of Attractors for Black-Box Surrogate Models of Chaotic Systems,2025,arXiv (Cornell University),10.48550/arxiv.2506.09546,arxiv|openalex
0.9661,,,,RC-3998,Quantum reservoir complexity by the Krylov evolution approach,2024,Physical Review A,10.1103/physreva.110.022446,arxiv|openalex,RC-5809,Quantum reservoir complexity by Krylov evolution approach,2023,arXiv (Cornell University),10.48550/arxiv.2310.00790,arxiv|openalex
0.9658,,,,RC-0284,Memristive devices based on necklace-like structure Ag@TiO2 nanowire networks for neuromorphic learning and reservoir computing,2024,Universiti Putra Malaysia Institutional Repository (Universiti Putra Malaysia),,openalex,RC-2064,Memristive Devices Based on Necklace-like Structure Ag@TiO<sub>2</sub> Nanowire Networks for Neuromorphic Learning and Reservoir Computing,2024,ACS Applied Nano Materials,10.1021/acsanm.4c04063,openalex
0.9649,,,,RC-0271,[Invited] Assessing electron transport through 2D molecule-nanoparticle networks for reservoir computing sensing,2021,HAL (Le Centre pour la Communication Scientifique Directe),,openalex,RC-0280,[Invited] Assessing electron transport through 2D molecule-nanoparticle networks for reservoir computing sensing (Invited),2020,HAL (Le Centre pour la Communication Scientifique Directe),,openalex
0.9649,,,,RC-0417,In materia reservoir computing with a fully memristive architecture based on self-organizing nanowire networks,2021,Nature Materials,10.1038/s41563-021-01099-9,openalex,RC-3820,In materia reservoir computing with a fully memristive architecture based on self-organizing nanowire networks - Dataset,2021,Zenodo (CERN European Organization for Nuclear Research),10.5281/zenodo.5153334,openalex
0.9623,,,,RC-0271,[Invited] Assessing electron transport through 2D molecule-nanoparticle networks for reservoir computing sensing,2021,HAL (Le Centre pour la Communication Scientifique Directe),,openalex,RC-3748,Assessing electron transport through 2D molecule-nanoparticle networks for reservoir computing sensing,2020,HAL (Le Centre pour la Communication Scientifique Directe),10.1117/12.2567214,openalex
0.9604,,,,RC-0444,In materia implementation strategies of physical reservoir computing with memristive nanonetworks,2023,Journal of Physics D Applied Physics,10.1088/1361-6463/acb7ff,openalex,RC-2730,In materia implementation strategies of physical reservoir computing with memristive nanonetworks - Dataset,2023,Zenodo (CERN European Organization for Nuclear Research),10.5281/zenodo.7499746,openalex
0.959,,,,RC-0056,Multimodal object recognition and real-time anomaly detection by physical reservoir computing using an Ag2S reservoir,2025,Institutional Repositories DataBase (IRDB),,openalex,RC-2023,Multimodal object recognition and real-time anomaly detection by physical reservoir computing using an Ag<sub>2</sub>S reservoir,2025,Japanese Journal of Applied Physics,10.35848/1347-4065/adb75b,openalex
0.9583,,,,RC-1141,All-optical echo state network reservoir computing,2025,Physical Review Research,10.1103/3b3z-29f4,arxiv|openalex,RC-5902,Optical Echo State Network Reservoir Computing,2025,arXiv (Cornell University),10.48550/arxiv.2504.08224,arxiv|openalex
0.9576,,,,RC-2125,Intrinsic Disordered Network in Multiferroic YMnO <sub>3</sub> Single Crystals for In‐Materio Physical Reservoir Computing Through Tuneable Domain‐Wall Structure,2025,Small,10.1002/smll.202506397,openalex,RC-3069,Intrinsic Disordered Network in Multiferroic YMnO <sub>3</sub> Single Crystals for In‐Materio Physical Reservoir Computing Through Tuneable Domain‐Wall Structure (Small 48/2025),2025,Small,10.1002/smll.71539,openalex
0.9569,,,,RC-0054,Physical Reservoir Computing on Atomic Switch Arrays with High Precision and Excellent Memory Characteristics,2021,The Japan Society of Applied Physics,,openalex,RC-2012,Reservoir Computing on Atomic Switch Arrays with High Precision and Excellent Memory Characteristics,2021,Journal of Signal Processing,10.2299/jsp.25.123,openalex
0.9558,,,,RC-0552,Classical and Quantum Physical Reservoir Computing for Onboard Artificial Intelligence Systems: A Perspective,2024,Dynamics,10.3390/dynamics4030033,arxiv|openalex,RC-2750,"Review of ""Classical and Quantum Physical Reservoir Computing for Onboard Artificial Intelligence Systems: A Perspective""",2025,,10.14293/s2199-1006.1.sor-uncat.asz2jp.v1.rexzsh,openalex
0.9549,,,,RC-3974,Referee report. For: Deep Learning based hybrid residual attention and echo state network for high-accuracy heart disease prediction [version 1; peer review: 1 approved with reservations],2025,Faculty of 1000 Research Ltd,10.5256/f1000research.182263.r401540,openalex,RC-4034,"Referee report. For: Deep Learning based hybrid residual attention and echo state network for high-accuracy heart disease prediction [version 1; peer review: 2 approved with reservations, 1 not approved]",2025,Faculty of 1000 Research Ltd,10.5256/f1000research.182263.r403945,openalex
0.9537,,,,RC-3035,Machine learning emulator for physics-based prediction of ionospheric potential response to solar wind variations,2023,Earth Planets and Space,10.1186/s40623-023-01896-3,openalex,RC-3306,Machine learning emulator for physics-based prediction of ionospheric response to solar wind variations,2023,,10.22541/essoar.167397423.39654060/v1,openalex
0.9532,,,,RC-2664,Systems Identification and Next-Generation Reservoir Computing for Modeling Micro Gas Turbine Engine Performance,2025,,10.2514/6.2025-0332,openalex,RC-2669,Correction: Systems Identification and Next-Generation Reservoir Computing for Modeling Micro Gas Turbine Engine Performance,2025,,10.2514/6.2025-0332.c1,openalex
0.9524,,,,RC-3913,Interfacial and Bulk Switching MoS <sub>2</sub> Memristors for an All-2D Reservoir Computing Framework,2026,ACS Applied Electronic Materials,10.1021/acsaelm.6c00504,arxiv|openalex,RC-5982,Interfacial and bulk switching MoS2 memristors for an all-2D reservoir computing framework,2025,arXiv,,arxiv
0.9516,,,,RC-2243,<tt>conn2res</tt> : A toolbox for connectome-based reservoir computing,2023,bioRxiv (Cold Spring Harbor Laboratory),10.1101/2023.05.31.543092,openalex,RC-2350,conn2res: A toolbox for connectome-based reservoir computing,2023,Research Square,10.21203/rs.3.rs-3084265/v1,openalex
0.9516,,,,RC-4036,Self-similarity Analysis and Application of Network Traffic,2019,"Lecture notes of the Institute for Computer Sciences, Social Informatics and Telecommunications Engineering",10.1007/978-3-030-28468-8_9,openalex,RC-5179,Self-Similarity Analysis and Application of Water Network Traffic,2019,,10.1109/bigdataservice.2019.00045,openalex
0.95,,,,RC-1874,RETRACTED ARTICLE: Enhancing Financial Risk Prediction Through Echo State Networks and Differential Evolutionary Algorithms in the Digital Era,2024,Journal of the Knowledge Economy,10.1007/s13132-024-02084-8,openalex,RC-3400,Retraction Note: Enhancing Financial Risk Prediction Through Echo State Networks and Differential Evolutionary Algorithms in the Digital Era,2025,Journal of the Knowledge Economy,10.1007/s13132-025-02991-4,openalex
0.9495,,,,RC-2569,Multi-Model Ensemble and Reservoir Computing for Efficient River Discharge Prediction in Ungauged Basins,2025,,10.5194/egusphere-egu25-14726,openalex,RC-5934,Multi-Model Ensemble and Reservoir Computing for River Discharge Prediction in Ungauged Basins,2025,arXiv (Cornell University),10.48550/arxiv.2507.18423,arxiv|openalex
0.9478,,,,RC-1047,State observer-based fuzzy echo state network sliding mode control for uncertain strict-feedback chaotic systems without backstepping,2022,Chaos Solitons & Fractals,10.1016/j.chaos.2022.112442,openalex,RC-3596,State Observer-Based Fuzzy Echo State Network Sliding Mode Control for Uncertain Strict-Feedback Nonlinear Systems Without Backstepping,2022,SSRN Electronic Journal,10.2139/ssrn.4016958,openalex
0.9461,,,,RC-5005,Vacuum Intelligence Architecture Specification: Event-Driven Analog Memristor Optimal Power/Flow Solver Integration,2026,Zenodo (CERN European Organization for Nuclear Research),10.5281/zenodo.20669318,openalex,RC-5594,Vacuum Intelligence Architecture Specification: Event-Driven Analog Memristor Optimal Power/Flow Solver Integration (VIA-SPEC-001),2026,Zenodo (CERN European Organization for Nuclear Research),10.5281/zenodo.20263930,openalex
0.9452,,,,RC-2807,Echo state graph neural networks with analogue random resistive memory arrays,2023,Nature Machine Intelligence,10.1038/s42256-023-00609-5,arxiv|openalex,RC-5740,Echo state graph neural networks with analogue random resistor arrays,2021,arXiv (Cornell University),10.48550/arxiv.2112.15270,arxiv|openalex
0.9451,,,,RC-0009,"Data-driven prediction of a multi-scale Lorenz 96 chaotic system using a hierarchy of deep learning methods: Reservoir computing, ANN, and RNN-LSTM",2019,Bulletin of the American Physical Society,10.31223/osf.io/fbxns,openalex,RC-1607,"Data-driven prediction of a multi-scale Lorenz 96 chaotic system using deep learning methods: Reservoir computing, ANN, and RNN-LSTM",2019,,10.31223/osf.io/fbxns,openalex
0.9437,,,,RC-0326,Modeling signal transduction pathways with biologically-inspired deep ESN for membrane voltage dynamics in C. elegans olfactory neurons,2026,Institutional Repositories DataBase (IRDB),10.1587/nolta.17.21,openalex,RC-5157,Modeling signal transduction pathways with biologically-inspired deep ESN for membrane voltage dynamics in &lt;i&gt;C. elegans&lt;/i&gt; olfactory neurons,2025,Nonlinear Theory and Its Applications IEICE,10.1587/nolta.17.21,openalex
0.943,,,,RC-1634,Experimental demonstration of a photonic reservoir computing system based on Fabry Perot laser for multiple tasks processing,2024,Nanophotonics,10.1515/nanoph-2023-0708,openalex,RC-3966,Corrigendum to: Experimental demonstration of a photonic reservoir computing system based on Fabry Perot laser for multiple tasks processing,2025,Nanophotonics,10.1515/nanoph-2024-0713,openalex
0.9419,,,,RC-1628,Evanescent coupling of nonlinear integrated cavities for all-optical reservoir computing,2023,New Journal of Physics,10.1088/1367-2630/acfba6,arxiv|openalex,RC-5802,Direct coupling of nonlinear integrated cavities for all-optical reservoir computing,2023,arXiv (Cornell University),10.48550/arxiv.2307.10950,arxiv|openalex
0.9412,,,,RC-1703,Reconfigurable Resistive Switching Memory for Telegraph Code Sensing and Recognizing Reservoir Computing Systems,2024,Small,10.1002/smll.202402961,openalex,RC-3968,Reconfigurable Resistive Switching Memory for Telegraph Code Sensing and Recognizing Reservoir Computing Systems (Small 40/2024),2024,Small,10.1002/smll.202470296,openalex
0.9398,,,,RC-1922,Embodying Multifunctional Mechano‐Intelligence in and Through Phononic Metastructures Harnessing Physical Reservoir Computing (Adv. Sci. 34/2023),2023,Advanced Science,10.1002/advs.202370235,openalex,RC-6189,Embodying Multifunctional Mechano‐Intelligence in and Through Phononic Metastructures Harnessing Physical Reservoir Computing,2023,Advanced Science,10.1002/advs.202305074,arxiv|openalex
0.9394,,,,RC-0649,Fractional Order Echo State Network for Time Series Prediction,2020,Neural Processing Letters,10.1007/s11063-020-10267-y,openalex,RC-0670,Fractional-integer-order echo state network for time series prediction,2024,Applied Soft Computing,10.1016/j.asoc.2024.111289,openalex
0.9386,,,,RC-2662,Correction to: Quantum next generation reservoir computing: an efficient quantum algorithm for forecasting quantum dynamics,2025,Quantum Machine Intelligence,10.1007/s42484-025-00245-9,openalex,RC-6161,Quantum next generation reservoir computing: an efficient quantum algorithm for forecasting quantum dynamics,2024,Quantum Machine Intelligence,10.1007/s42484-024-00188-7,arxiv|openalex
0.9384,,,,RC-4982,A Data Mining Approach to Assess Field Scale CO2 EOR and Sequestration Performance Correlated to Geological and Reservoir Characteristics,2025,,10.2118/223997-ms,openalex,RC-4984,A Data Mining Approach to Assess Field Scale CO2 Enhanced Oil Recovery and Sequestration Performance Correlated to Geological and Reservoir Characteristics,2025,SPE Journal,10.2118/223997-pa,openalex
0.938,,,,RC-1676,All-optical spiking processing and reservoir computing with a passive silicon microring and wavelength-time division multiplexing,2025,Photonics Research,10.1364/prj.558405,openalex,RC-3905,All-optical passive spiking processing and reservoir computing with a silicon microring and wavelength-time division multiplexing,2025,,10.1364/opticaopen.28297334,openalex
0.9378,,,,RC-3885,Temperature Driven Current–Voltage Characteristics of Ionic Liquid Type Intelligent Connection Device,2022,IEEE Journal of the Electron Devices Society,10.1109/jeds.2022.3199205,openalex,RC-5009,Temperature Dependence of Current-Voltage Characteristics of Ionic Liquid Type Intelligent Connection Device,2022,2022 6th IEEE Electron Devices Technology &amp; Manufacturing Conference (EDTM),10.1109/edtm53872.2022.9798346,openalex
0.9359,,,,RC-5364,"Review of ""Reconstructing coupled time series in climate systems by machine learning""",2020,,10.5194/esd-2019-63-rc1,openalex,RC-5414,Reconstructing Coupled Time Series in Climate Systems by Machine Learning,2020,,10.5194/esd-2019-63-rc2,openalex
0.9353,,,,RC-5984,Sign Language Recognition using Bidirectional Reservoir Computing,2025,Institutional Repositories DataBase (IRDB),10.48550/arxiv.2512.00777,arxiv|openalex,RC-6382,Sign language recognition using parallel bidirectional reservoir computing,2025,Nonlinear Theory and Its Applications IEICE,10.1587/nolta.17.79,arxiv|openalex
0.9349,,,,RC-1261,Grey Wolf Optimization–Based Deep Echo State Network for Time Series Prediction,2022,Frontiers in Energy Research,10.3389/fenrg.2022.858518,openalex,RC-3155,Correction: Grey wolf optimization–based deep echo state network for time series prediction,2026,Frontiers in Energy Research,10.3389/fenrg.2026.1770773,openalex
0.9333,,,,RC-4582,Rebooting Neuromorphic Design - A Complexity Engineering Approach,2020,arXiv (Cornell University),10.1109/icrc2020.2020.00012,arxiv|openalex,RC-5693,Rebooting Neuromorphic Hardware Design -- A Complexity Engineering Approach,2020,arXiv (Cornell University),10.48550/arxiv.2005.00522,arxiv|openalex
0.9333,,,,RC-2316,"Ergodicity, lack thereof, and the performance of reservoir computing with memristive networks and nanowire",2024,,10.2172/2386906,openalex,RC-6263,"Ergodicity, lack thereof, and the performance of reservoir computing with memristive networks",2024,Nano Express,10.1088/2632-959x/ad2999,arxiv|openalex
0.9322,,,,RC-1485,Tunable reservoir computing based on iterative function systems,2021,Optics Express,10.1364/oe.441236,openalex,RC-3195,Reservoir Computing Based on Iterative Function Systems,2023,,10.1007/978-981-99-5072-0_11,openalex
0.9302,,,,RC-0491,Echo-state networks for soft sensor design in an SRU process,2021,Information Sciences,10.1016/j.ins.2021.03.013,openalex,RC-2964,Data for: Echo-state networks for Soft Sensor design in an SRU process,2021,Data Archiving and Networked Services (DANS),10.17632/kcpnnrn67p.1,openalex
0.9297,,,,RC-0528,Multilayer Reservoir Computing Based on Ferroelectric α‐In<sub>2</sub>Se<sub>3</sub> for Hierarchical Information Processing,2022,Advanced Materials,10.1002/adma.202108826,openalex,RC-2090,Multilayer Reservoir Computing Based on Ferroelectric α‐In<sub>2</sub>Se<sub>3</sub> for Hierarchical Information Processing (Adv. Mater. 48/2022),2022,Advanced Materials,10.1002/adma.202270333,openalex
0.929,,,,RC-1344,Computational capabilities of a multicellular reservoir computing system,2023,PLoS ONE,10.1371/journal.pone.0282122,openalex,RC-3315,Correction: Computational capabilities of a multicellular reservoir computing system,2024,PLoS ONE,10.1371/journal.pone.0315300,openalex
0.9283,,,,RC-0064,Intrinsic Disordered Network in Multiferroic YMnO3 Single Crystals for In-Materio Physical Reservoir Computing Through Tuneable Domain-Wall Structure,2025,,,openalex,RC-3069,Intrinsic Disordered Network in Multiferroic YMnO <sub>3</sub> Single Crystals for In‐Materio Physical Reservoir Computing Through Tuneable Domain‐Wall Structure (Small 48/2025),2025,Small,10.1002/smll.71539,openalex
0.928,,,,RC-0080,Perceptron Theory for Predicting the Accuracy of Neural Networks.,2020,arXiv (Cornell University),,openalex,RC-6359,Perceptron Theory Can Predict the Accuracy of Neural Networks,2023,IEEE Transactions on Neural Networks and Learning Systems,10.1109/tnnls.2023.3237381,arxiv|openalex
0.9273,,,,RC-0280,[Invited] Assessing electron transport through 2D molecule-nanoparticle networks for reservoir computing sensing (Invited),2020,HAL (Le Centre pour la Communication Scientifique Directe),,openalex,RC-3748,Assessing electron transport through 2D molecule-nanoparticle networks for reservoir computing sensing,2020,HAL (Le Centre pour la Communication Scientifique Directe),10.1117/12.2567214,openalex
0.9272,,,,RC-1980,Short-term Traffic Flow Prediction Based on Improved Deep Echo State Network,2021,,10.23919/ccc52363.2021.9550595,openalex,RC-3153,Short-Term Traffic Flow Prediction Based on I-SAWOA-Deep Echo State Network,2022,,10.1109/cac57257.2022.10055270,openalex
0.9268,,,,RC-1276,Iono–Magnonic Reservoir Computing With Chaotic Spin Wave Interference Manipulated by Ion‐Gating,2024,Advanced Science,10.1002/advs.202411777,openalex,RC-4017,Iono–Magnonic Reservoir Computing With Chaotic Spin Wave Interference Manipulated by Ion‐Gating (Adv. Sci. 3/2025),2025,Advanced Science,10.1002/advs.202570015,openalex
0.9259,,,,RC-1430,Proposal of Reconstructive Reservoir Computing to Detect Anomaly in Time-series Signals,2022,2022 International Joint Conference on Neural Networks (IJCNN),10.1109/ijcnn55064.2022.9892805,openalex,RC-1900,Reconstructive Reservoir Computing to Detect Anomaly in Time-series Signals,2022,,10.36227/techrxiv.17704682,openalex
0.9259,,,,RC-1463,On the prediction of the turbulent flow behind cylinder arrays via echo state networks,2024,Machine Learning Science and Technology,10.1088/2632-2153/ad5414,openalex,RC-3010,Prediction of turbulent flows behind cylinder arrays via Echo State Networks,2024,Research Square,10.21203/rs.3.rs-3911885/v1,openalex
0.9243,,,,RC-4167,"Review of ""Combining Ensemble Kalman Filter and Reservoir Computing to predict spatio-temporal chaotic systems from imperfect observations and models"" by F. Tomizawa and Y. Sawada",2020,,10.5194/gmd-2020-211-rc3,openalex,RC-4203,"Interactive comment on ""Combining Ensemble Kalman Filter and Reservoir Computing to predict spatio-temporal chaotic systems from imperfect observations and models"" by Futo Tomizawa and Yohei Sawada",2020,,10.5194/gmd-2020-211-ac1,openalex
0.9221,,,,RC-3454,Dataset for: Biological neurons act as generalization filters in reservoir computing,2023,Zenodo (CERN European Organization for Nuclear Research),10.5281/zenodo.7792576,openalex,RC-6169,Biological neurons act as generalization filters in reservoir computing,2023,Proceedings of the National Academy of Sciences,10.1073/pnas.2217008120,arxiv|openalex
0.9219,,,,RC-0713,A Hardware-Oriented Echo State Network and its FPGA Implementation,2020,Journal of Robotics Networking and Artificial Life,10.2991/jrnal.k.200512.012,openalex,RC-2844,A Hardware-Oriented Echo State Network for FPGA Implementation,2020,Proceedings of International Conference on Artificial Life and Robotics,10.5954/icarob.2020.os20-1,openalex
0.9215,,,,RC-3157,Time Series Prediction of Echo State Network Based on Chebyshev Mapping and Strongly Connected Topology,2023,Research Square,10.21203/rs.3.rs-3350392/v1,openalex,RC-3892,Time Series Prediction of ESN Based on Chebyshev Mapping and Strongly Connected Topology,2024,Neural Processing Letters,10.1007/s11063-024-11474-7,openalex
0.9204,,,,RC-1105,Flexible Tunable‐Plasticity Synaptic Transistors for Mimicking Dynamic Cognition and Reservoir Computing,2025,Advanced Materials,10.1002/adma.202418418,openalex,RC-3955,Flexible Tunable‐Plasticity Synaptic Transistors for Mimicking Dynamic Cognition and Reservoir Computing (Adv. Mater. 24/2025),2025,Advanced Materials,10.1002/adma.202570167,openalex
0.9189,,,,RC-0511,Reservoir computing as digital twins for nonlinear dynamical systems,2023,Chaos An Interdisciplinary Journal of Nonlinear Science,10.1063/5.0138661,openalex,RC-3439,Reservoir computing as digital twins for controlling nonlinear dynamical systems,2026,Nonlinear Dynamics,10.1007/s11071-025-12087-y,openalex
0.9184,,,,RC-0299,The Computational Capacity of Memristor Reservoirs,2020,arXiv (Cornell University),,openalex,RC-4675,The Computational Capacity of Mem-LRC Reservoirs,2020,,10.1145/3381755.3381779,openalex
0.918,,,,RC-0961,Controller Design Based on Echo State Network with Delay Output for Nonlinear System,2020,Complexity,10.1155/2020/8643029,openalex,RC-3083,Corrigendum to “Controller Design Based on Echo State Network with Delay Output for Nonlinear System”,2021,Complexity,10.1155/2021/3041205,openalex
0.918,,,,RC-0497,Reservoir computing on a silicon platform with a ferroelectric field-effect transistor,2022,Communications Engineering,10.1038/s44172-022-00021-8,openalex,RC-3621,Raw data for Reservoir computing on silicon platform with a ferroelectric field-effect transistor,2022,Zenodo (CERN European Organization for Nuclear Research),10.5281/zenodo.6816575,openalex
0.918,,,,RC-3184,Post-processing methods for delay embedding and feature scaling of reservoir computers,2025,Communications Engineering,10.1038/s44172-024-00330-0,openalex,RC-4362,Total recall: Post-processing methods for delay-embedding and feature scaling ofreservoir computer,2024,Research Square,10.21203/rs.3.rs-4741218/v1,openalex
0.9167,,,,RC-2105,Dynamical Graph Echo State Networks with Snapshot Merging for Spreading Process Classification,2023,Communications in computer and information science,10.1007/978-981-99-8141-0_39,arxiv|openalex,RC-5796,Dynamical Graph Echo State Networks with Snapshot Merging for Dissemination Process Classification,2023,arXiv (Cornell University),10.48550/arxiv.2307.01237,arxiv|openalex
0.916,,,,RC-0517,In‐Sensor Reservoir Computing Based on Optoelectronic Synapse,2022,Advanced Intelligent Systems,10.1002/aisy.202200196,openalex,RC-0648,In-sensor reservoir computing based on optoelectronic synaptic devices,2023,Applied Physics Letters,10.1063/5.0160599,openalex
0.9143,,,,RC-4444,Synaptic Functionality and Neuromorphic Information Processing in Membrane Ion Channel Junctions,2026,Advanced Materials,10.1002/adma.202519525,openalex,RC-5256,Synaptic Functionality and Neuromorphic Information Processing in Membrane Ion Channel Junctions (Adv. Mater. 31/2026),2026,Advanced Materials,10.1002/adma.73427,openalex
0.9139,,,,RC-1903,Project 1.A83Rapid High-dimensional Semantic Segmentation With Echo State Networks,2021,,10.26226/morressier.608c2248dc2fa1af562471d6,openalex,RC-2864,RAPID HIGH-DIMENSIONAL SEMANTIC SEGMENTATION WITH ECHO STATE NETWORKS,2021,SAE technical papers on CD-ROM/SAE technical paper series,10.4271/2024-01-3939,openalex
0.9133,,,,RC-0469,Physical Implementation of Reservoir Computing through Electrochemical Reaction,2021,Advanced Science,10.1002/advs.202104076,openalex,RC-2094,Physical Implementation of Reservoir Computing through Electrochemical Reaction (Adv. Sci. 6/2022),2022,Advanced Science,10.1002/advs.202270036,openalex
0.913,,,,RC-0526,Role of delay-times in delay-based photonic reservoir computing [Invited],2022,Optical Materials Express,10.1364/ome.451016,arxiv|openalex,RC-5738,The role of delay-times in delay-based Photonic Reservoir Computing,2021,arXiv (Cornell University),10.48550/arxiv.2112.11830,arxiv|openalex
0.913,,,,RC-4731,Cellular Automata Inspired Multistable Origami Metamaterials for Mechanical Learning (Adv. Sci. 34/2023),2023,Advanced Science,10.1002/advs.202370236,openalex,RC-6398,Cellular Automata Inspired Multistable Origami Metamaterials for Mechanical Learning,2023,Advanced Science,10.1002/advs.202305146,arxiv|openalex
0.9128,,,,RC-2370,Misestimate of the performance in VCSEL-based reservoir computing systems with optical information injection by high surface reflectivity,2022,Applied Optics,10.1364/ao.475139,openalex,RC-2619,Misestimation of the Performance in Vcsel-Based Reservoir Computing Experimental Systems with Optical Information Injection Resulted by High Surface Reflectivity,2022,SSRN Electronic Journal,10.2139/ssrn.4167500,openalex
0.9118,,,,RC-4349,Deep learning for financial forecasting: A review of recent trends,2025,International Review of Economics & Finance,10.1016/j.iref.2025.104719,openalex,RC-4878,Deep Learning for Financial Forecasting: A Review of Recent Advancements,2025,SSRN Electronic Journal,10.2139/ssrn.5263710,openalex
0.9114,,,,RC-1740,Investigating Biologically Plausible Neural Networks for Reservoir Computing Solutions,2024,IEEE Access,10.1109/access.2024.3385339,openalex,RC-2402,Biologically Plausible Neural Networks for Reservoir Computing Solutions,2024,,10.36227/techrxiv.171036623.34011701/v1,openalex
0.9112,,,,RC-0733,Reservoir-computing based associative memory and itinerancy for complex dynamical attractors,2024,Nature Communications,10.1038/s41467-024-49190-4,openalex,RC-3423,Reservoir-computing based associative memory for complex dynamical attractors,2023,Research Square,10.21203/rs.3.rs-3454804/v1,openalex
0.9111,,,,RC-5620,HyperCOCO: Multi-sensory Hyper COgnitive COmputing for learning population level brain connectivity,2026,Medical Image Analysis,10.1016/j.media.2026.104156,arxiv|openalex,RC-5943,Multi-Sensory Cognitive Computing for Learning Population-level Brain Connectivity,2025,arXiv,,arxiv
0.9104,,,,RC-0155,Sustainable Deep Learning for Time-series: Reservoir Computing,2023,HAL (Le Centre pour la Communication Scientifique Directe),,openalex,RC-0175,Tutorial on Sustainable Deep Learning for Time-series: Reservoir Computing,2024,HAL (Le Centre pour la Communication Scientifique Directe),,openalex
0.9103,,,,RC-1434,Combining ensemble Kalman filter and reservoir computing to predict spatiotemporal chaotic systems from imperfect observations and models,2021,Geoscientific model development,10.5194/gmd-14-5623-2021,arxiv|openalex,RC-4084,"Supplementary material to ""Combining Ensemble Kalman Filter and Reservoir Computing to predict spatio-temporal chaotic systems from imperfect observations and models""",2020,,10.5194/gmd-2020-211-supplement,openalex
0.9091,,,,RC-0451,Photonic Physical Reservoir Computing with Tunable Relaxation Time Constant,2023,Advanced Science,10.1002/advs.202304804,openalex,RC-1135,Photonic Physical Reservoir Computing with Tunable Relaxation Time Constant (Adv. Sci. 3/2024),2024,Advanced Science,10.1002/advs.202470016,openalex
0.9091,,,,RC-1395,Characterizing climate pathways using feature importance on echo state networks,2024,Statistical Analysis and Data Mining The ASA Data Science Journal,10.1002/sam.11706,arxiv|openalex,RC-2960,Validating climate pathways using feature importance on echo state networks,2023,,10.2172/2431810,openalex
0.9084,,,,RC-1082,Few- and single-molecule reservoir computing experimentally demonstrated with surface-enhanced Raman scattering and ion gating,2024,Science Advances,10.1126/sciadv.adk6438,arxiv|openalex,RC-5800,Few-molecule reservoir computing experimentally demonstrated with surface enhanced Raman scattering and ion-gating stimulation,2023,arXiv (Cornell University),10.48550/arxiv.2307.09138,arxiv|openalex
0.9079,,,,RC-4759,Decreased spinal inhibition leads to undiversified locomotor patterns,2025,Biological Cybernetics,10.1007/s00422-025-01011-7,openalex,RC-5337,Data and Code: Decreased spinal inhibition leads to undiversified locomotor patterns,2024,Zenodo (CERN European Organization for Nuclear Research),10.5281/zenodo.6502264,openalex
0.907,,,,RC-2587,"Erratum: “On explaining the surprising success of reservoir computing forecaster of chaos? The universal machine learning dynamical system with contrasts to VAR and DMD” [Chaos 31(1), 013108 (2021)]",2021,Chaos An Interdisciplinary Journal of Nonlinear Science,10.1063/5.0050702,openalex,RC-6159,On explaining the surprising success of reservoir computing forecaster of chaos? The universal machine learning dynamical system with contrast to VAR and DMD,2021,Chaos An Interdisciplinary Journal of Nonlinear Science,10.1063/5.0024890,arxiv|openalex
0.9068,,,,RC-0540,Deep Echo State Network With Multiple Adaptive Reservoirs for Time Series Prediction,2021,IEEE Transactions on Cognitive and Developmental Systems,10.1109/tcds.2021.3062177,openalex,RC-2143,Double echo state network with multiple reservoirs for time-series prediction,2021,,10.1117/12.2626677,openalex
0.9065,,,,RC-2363,Reservoir Computing for Solving Ordinary Differential Equations,2023,International Journal of Artificial Intelligence Tools,10.1142/s0218213023500306,arxiv|openalex,RC-5725,Unsupervised Reservoir Computing for Solving Ordinary Differential Equations,2021,arXiv (Cornell University),10.48550/arxiv.2108.11417,arxiv|openalex
0.9043,,,,RC-1721,Photonic Reservoir Computing Using Optoelectronic Oscillators With Direct Laser Modulation,2024,Journal of Lightwave Technology,10.1109/jlt.2024.3488592,openalex,RC-1812,Demonstration of Reservoir Computing Using Optoelectronic Oscillators With Direct Laser Modulation,2024,IEEE Photonics Technology Letters,10.1109/lpt.2024.3477352,openalex
0.9037,,,,RC-2880,Small-World Echo State Networks for Nonlinear Time-Series Prediction,2023,Lecture notes in computer science,10.1007/978-981-99-8082-6_42,openalex,RC-2941,Dual-kernel echo state network for nonlinear time series prediction,2023,Proceedings of the Romanian Academy Series A Mathematics Physics Technical Sciences Information Science,10.59277/pra-ser.a.24.2.10,openalex
0.9032,,,,RC-1705,Detachable and Reusable: Reinforced π‐Ion Film for Modular Synaptic Reservoir Computing,2025,Advanced Materials,10.1002/adma.202506729,openalex,RC-3947,Detachable and Reusable: Reinforced π‐Ion Film for Modular Synaptic Reservoir Computing (Adv. Mater. 41/2025),2025,Advanced Materials,10.1002/adma.70826,openalex
0.9028,,,,RC-2278,Exploiting Bistability and Viscoelasticity in Reservoir Computing,2025,Nonlinear Dynamics,10.1007/s11071-025-11759-z,openalex,RC-3210,Correction to: Exploiting Bistability and Viscoelasticity in Reservoir Computing,2025,Nonlinear Dynamics,10.1007/s11071-025-11826-5,openalex
0.9022,,,,RC-1642,Neuromorphic Light‐Responsive Organic Matter for <i>in Materia</i> Reservoir Computing,2025,Advanced Materials,10.1002/adma.202501813,openalex,RC-3954,Neuromorphic Light‐Responsive Organic Matter for <i>in Materia</i> Reservoir Computing (Adv. Mater. 41/2025),2025,Advanced Materials,10.1002/adma.70825,openalex
0.902,,,,RC-3310,Reservoir computing based on laser subject to optoelectronic feedback,2020,,10.1109/iclo48556.2020.9285607,openalex,RC-3417,Experimental reservoir computing based on a laser subject to optoelectronic feedback,2024,,10.1109/iclo59702.2024.10624144,openalex
0.902,,,,RC-0987,A Correntropy-Based Echo State Network with Application to Time Series Prediction,2025,IEEE/CAA Journal of Automatica Sinica,10.1109/jas.2024.124932,openalex,RC-1021,A mirrored echo state network with application to time series prediction,2025,Information Sciences,10.1016/j.ins.2025.122260,openalex
0.902,,,,RC-3410,Optical Reservoir Computing Using Frequency Combs in Kerr Microresonators,2025,,10.1109/cleo/europe-eqec65582.2025.11110295,openalex,RC-3453,Optical reservoir computing with chaotic frequency combs in Kerr microresonators,2025,,10.1364/cleo_at.2025.jps200_125,openalex
0.9012,,,,RC-2054,Guest Editorial Special Issue on New Frontiers in Extremely Efficient Reservoir Computing,2022,IEEE Transactions on Neural Networks and Learning Systems,10.1109/tnnls.2022.3172586,openalex,RC-3415,Special Issue on New Frontiers in Extremely Efficient Reservoir Computing,2020,IEEE Transactions on Neural Networks and Learning Systems,10.1109/tnnls.2020.3003482,openalex
0.9,,,,RC-0081,Photonic Reservoir Computing,2019,Ghent University Academic Bibliography (Ghent University),10.1515/9783110583496,openalex,RC-2914,Photovoltaic Reservoir Computing,2023,,10.29363/nanoge.neumatdecas.2023.033,openalex
